pcr_lab_id,pcr_date,machine,plate,id_tag,assay,threshold,run_inhibited,inhibition_ct,mean_ct,wells_amplified,wells,well_1_ct,well_2_ct,well_3_ct,well_4_ct,well_5_ct,well_6_ct,well_7_ct,well_8_ct,well_9_ct,well_10_ct,well_11_ct,well_12_ct,std_curve,mean_quant,sd_quant,efficiency,r2,final_data
NGC,45476,Neptune,qPCR_DMAR_070324,ABP_B10_0224,DMAR,TRUE,N,-0.03064025,0,0,3,Undetermined,Undetermined,Undetermined,<null>,<null>,<null>,<null>,<null>,<null>,<null>,<null>,<null>,Y,0,0,0.992282086,0.081067475,2
NGC,45474,Neptune,qPCR_DMAR_070124,ABP_B11_1129,DMAR,FALSE,N,0.17304964,0,0,3,Undetermined,Undetermined,Undetermined,<null>,<null>,<null>,<null>,<null>,<null>,<null>,<null>,<null>,Y,0,0,0.995667731,0.056174831,2
NGC,45476,Neptune,qPCR_DMAR_070324,ABP_B12_0224,DMAR,TRUE,N,-0.071100012,0,0,3,Undetermined,Undetermined,Undetermined,<null>,<null>,<null>,<null>,<null>,<null>,<null>,<null>,<null>,Y,0,0,0.992282086,0.081067475,2
NGC,45476,Neptune,qPCR_DMAR_070324,ABP_B13_0224,DMAR,TRUE,N,-0.006590112,0,0,3,Undetermined,Undetermined,Undetermined,<null>,<null>,<null>,<null>,<null>,<null>,<null>,<null>,<null>,Y,0,0,0.992282086,0.081067475,2
NGC,45476,Neptune,qPCR_DMAR_070324,ABP_B14_0224,DMAR,TRUE,N,-0.127622487,0,0,3,Undetermined,Undetermined,Undetermined,<null>,<null>,<null>,<null>,<null>,<null>,<null>,<null>,<null>,Y,0,0,0.992282086,0.081067475,2
NGC,45476,Neptune,qPCR_DMAR_070324,ABP_B4_0103,DMAR,TRUE,N,0.067431224,0,0,3,Undetermined,Undetermined,Undetermined,<null>,<null>,<null>,<null>,<null>,<null>,<null>,<null>,<null>,Y,0,0,0.992282086,0.081067475,2
NGC,45476,Neptune,qPCR_DMAR_070324,ABP_B5_0103,DMAR,TRUE,N,0.075880947,0,0,3,Undetermined,Undetermined,Undetermined,<null>,<null>,<null>,<null>,<null>,<null>,<null>,<null>,<null>,Y,0,0,0.992282086,0.081067475,2
NGC,45476,Neptune,qPCR_DMAR_070324,ABP_B52_0224,DMAR,TRUE,N,0.04703505,0,0,3,Undetermined,Undetermined,Undetermined,<null>,<null>,<null>,<null>,<null>,<null>,<null>,<null>,<null>,Y,0,0,0.992282086,0.081067475,2
NGC,45474,Neptune,qPCR_DMAR_070124,ABP_B52_1129,DMAR,FALSE,N,0.059307152,0,0,3,Undetermined,Undetermined,Undetermined,<null>,<null>,<null>,<null>,<null>,<null>,<null>,<null>,<null>,Y,0,0,0.995667731,0.056174831,2
NGC,45476,Neptune,qPCR_DMAR_070324,ABP_B53_0103,DMAR,TRUE,N,0.015851799,0,0,3,Undetermined,Undetermined,Undetermined,<null>,<null>,<null>,<null>,<null>,<null>,<null>,<null>,<null>,Y,0,0,0.992282086,0.081067475,2
NGC,45476,Neptune,qPCR_DMAR_070324,ABP_B54_0224,DMAR,TRUE,N,0.07536425,0,0,3,Undetermined,Undetermined,Undetermined,<null>,<null>,<null>,<null>,<null>,<null>,<null>,<null>,<null>,Y,0,0,0.992282086,0.081067475,2
NGC,45476,Neptune,qPCR_DMAR_070324,ABP_B55_0224,DMAR,TRUE,N,-0.018765893,0,0,3,Undetermined,Undetermined,Undetermined,<null>,<null>,<null>,<null>,<null>,<null>,<null>,<null>,<null>,Y,0,0,0.992282086,0.081067475,2
NGC,45476,Neptune,qPCR_DMAR_070324,ABP_B56_0224,DMAR,TRUE,N,-0.021588065,0,0,3,Undetermined,Undetermined,Undetermined,<null>,<null>,<null>,<null>,<null>,<null>,<null>,<null>,<null>,Y,0,0,0.992282086,0.081067475,2
NGC,45474,Neptune,qPCR_DMAR_070124,ABP_B57_1129,DMAR,FALSE,N,0.200813034,0,0,3,Undetermined,Undetermined,Undetermined,<null>,<null>,<null>,<null>,<null>,<null>,<null>,<null>,<null>,Y,0,0,0.995667731,0.056174831,2
NGC,45476,Neptune,qPCR_DMAR_070324,ABP_B58_0224,DMAR,TRUE,N,0.027699681,0,0,3,Undetermined,Undetermined,Undetermined,<null>,<null>,<null>,<null>,<null>,<null>,<null>,<null>,<null>,Y,0,0,0.992282086,0.081067475,2
NGC,45474,Neptune,qPCR_DMAR_070124,ABP_B58_1129,DMAR,FALSE,N,0.138606785,0,0,3,Undetermined,Undetermined,Undetermined,<null>,<null>,<null>,<null>,<null>,<null>,<null>,<null>,<null>,Y,0,0,0.995667731,0.056174831,2
NGC,45476,Neptune,qPCR_DMAR_070324,ABP_B6_0103,DMAR,TRUE,N,0.003949969,0,0,3,Undetermined,Undetermined,Undetermined,<null>,<null>,<null>,<null>,<null>,<null>,<null>,<null>,<null>,Y,0,0,0.992282086,0.081067475,2
NGC,45476,Neptune,qPCR_DMAR_070324,ABP_B7_0103,DMAR,TRUE,N,-0.013402959,0,0,3,Undetermined,Undetermined,Undetermined,<null>,<null>,<null>,<null>,<null>,<null>,<null>,<null>,<null>,Y,0,0,0.992282086,0.081067475,2
NGC,45474,Neptune,qPCR_DMAR_070124,ABP_B9_1129,DMAR,FALSE,N,-0.019601533,0,0,3,Undetermined,Undetermined,Undetermined,<null>,<null>,<null>,<null>,<null>,<null>,<null>,<null>,<null>,Y,0,0,0.995667731,0.056174831,2
NGC,45477,Neptune,qPCR_DMAR_070424_A,ABP_EIS1_0102,DMAR,FALSE,N,0.088537872,0,0,3,Undetermined,Undetermined,Undetermined,<null>,<null>,<null>,<null>,<null>,<null>,<null>,<null>,<null>,Y,0,0,0.987524026,0.091999388,2
NGC,45477,Neptune,qPCR_DMAR_070424_A,ABP_EIS1_0106,DMAR,FALSE,N,0.149932998,0,0,3,Undetermined,Undetermined,Undetermined,<null>,<null>,<null>,<null>,<null>,<null>,<null>,<null>,<null>,Y,0,0,0.987524026,0.091999388,2
NGC,45477,Neptune,qPCR_DMAR_070424_A,ABP_EIS1_0115,DMAR,FALSE,N,0.136506516,38.70063351,1,3,Undetermined,Undetermined,38.70063351,<null>,<null>,<null>,<null>,<null>,<null>,<null>,<null>,<null>,Y,0.582639285,1.009160845,0.987524026,0.091999388,2
NGC,45477,Neptune,qPCR_DMAR_070424_A,ABP_EIS1_0116,DMAR,FALSE,N,0.139489262,37.61105145,2,3,Undetermined,37.26495734,37.95714556,<null>,<null>,<null>,<null>,<null>,<null>,<null>,<null>,<null>,Y,2.413057783,2.235985661,0.987524026,0.091999388,2
NGC,45477,Neptune,qPCR_DMAR_070424_A,ABP_EIS1_0130,DMAR,FALSE,N,0.129601123,0,0,3,Undetermined,Undetermined,Undetermined,<null>,<null>,<null>,<null>,<null>,<null>,<null>,<null>,<null>,Y,0,0,0.987524026,0.091999388,2
NGC,45477,Neptune,qPCR_DMAR_070424_A,ABP_EIS1_0131,DMAR,FALSE,N,-0.056389644,38.50817391,2,3,37.86371791,Undetermined,39.15262991,<null>,<null>,<null>,<null>,<null>,<null>,<null>,<null>,<null>,Y,1.435164414,1.50409842,0.987524026,0.091999388,2
NGC,45477,Neptune,qPCR_DMAR_070424_B,ABP_EIS1_0221,DMAR,TRUE,N,0.07336517,0,0,3,Undetermined,Undetermined,Undetermined,<null>,<null>,<null>,<null>,<null>,<null>,<null>,<null>,<null>,Y,0,0,0.98690795,0.092002366,2
NGC,45477,Neptune,qPCR_DMAR_070424_B,ABP_EIS1_0313,DMAR,TRUE,N,0.035830562,0,0,3,Undetermined,Undetermined,Undetermined,<null>,<null>,<null>,<null>,<null>,<null>,<null>,<null>,<null>,Y,0,0,0.98690795,0.092002366,2
NGC,45477,Neptune,qPCR_DMAR_070424_B,ABP_EIS1_1130,DMAR,TRUE,N,-0.005704535,0,0,3,Undetermined,Undetermined,Undetermined,<null>,<null>,<null>,<null>,<null>,<null>,<null>,<null>,<null>,Y,0,0,0.98690795,0.092002366,2
NGC,45477,Neptune,qPCR_DMAR_070424_B,ABP_EIS1+1d_0102,DMAR,TRUE,N,0.052734415,0,0,3,Undetermined,Undetermined,Undetermined,<null>,<null>,<null>,<null>,<null>,<null>,<null>,<null>,<null>,Y,0,0,0.98690795,0.092002366,2
NGC,45477,Neptune,qPCR_DMAR_070424_B,ABP_EIS1+1d_0103,DMAR,TRUE,N,0.010302861,0,0,3,Undetermined,Undetermined,Undetermined,<null>,<null>,<null>,<null>,<null>,<null>,<null>,<null>,<null>,Y,0,0,0.98690795,0.092002366,2
NGC,45477,Neptune,qPCR_DMAR_070424_A,ABP_EIS1+1d_0104,DMAR,FALSE,N,0.119602942,0,0,3,Undetermined,Undetermined,Undetermined,<null>,<null>,<null>,<null>,<null>,<null>,<null>,<null>,<null>,Y,0,0,0.987524026,0.091999388,2
NGC,45477,Neptune,qPCR_DMAR_070424_A,ABP_EIS1+1d_0105,DMAR,FALSE,N,0.041266417,37.74710202,1,3,37.74710202,Undetermined,Undetermined,<null>,<null>,<null>,<null>,<null>,<null>,<null>,<null>,<null>,Y,1.07810266,1.867328582,0.987524026,0.091999388,2
NGC,45477,Neptune,qPCR_DMAR_070424_A,ABP_EIS1+1d_0115,DMAR,FALSE,N,0.126063024,0,0,3,Undetermined,Undetermined,Undetermined,<null>,<null>,<null>,<null>,<null>,<null>,<null>,<null>,<null>,Y,0,0,0.987524026,0.091999388,2
NGC,45477,Neptune,qPCR_DMAR_070424_B,ABP_EIS1+1d_0221,DMAR,TRUE,N,-0.006499301,0,0,3,Undetermined,Undetermined,Undetermined,<null>,<null>,<null>,<null>,<null>,<null>,<null>,<null>,<null>,Y,0,0,0.98690795,0.092002366,2
NGC,45477,Neptune,qPCR_DMAR_070424_B,ABP_EIS1+1d_0313,DMAR,TRUE,N,0.053753185,37.10864062,3,3,37.14927631,37.00421813,37.17242742,<null>,<null>,<null>,<null>,<null>,<null>,<null>,<null>,<null>,Y,1.44565787,0.090977794,0.98690795,0.092002366,2
NGC,45477,Neptune,qPCR_DMAR_070424_B,ABP_EIS1+1d_1130,DMAR,TRUE,N,0.056699762,0,0,3,Undetermined,Undetermined,Undetermined,<null>,<null>,<null>,<null>,<null>,<null>,<null>,<null>,<null>,Y,0,0,0.98690795,0.092002366,2
NGC,45477,Neptune,qPCR_DMAR_070424_A,ABP_EIS1+2d_0106,DMAR,FALSE,N,0.136396332,0,0,3,Undetermined,Undetermined,Undetermined,<null>,<null>,<null>,<null>,<null>,<null>,<null>,<null>,<null>,Y,0,0,0.987524026,0.091999388,2
NGC,45477,Neptune,qPCR_DMAR_070424_B,ABP_EIS1+2d_0131,DMAR,TRUE,N,0.092233913,38.19547784,2,3,37.37837813,39.01257755,Undetermined,<null>,<null>,<null>,<null>,<null>,<null>,<null>,<null>,<null>,Y,0.532676646,0.612553765,0.98690795,0.092002366,2
NGC,45477,Neptune,qPCR_DMAR_070424_A,ABP_EIS1+2d_1211,DMAR,FALSE,N,0.163417447,39.05828958,2,3,39.09644456,Undetermined,39.02013459,<null>,<null>,<null>,<null>,<null>,<null>,<null>,<null>,<null>,Y,0.925370964,0.802123042,0.987524026,0.091999388,2
NGC,45477,Neptune,qPCR_DMAR_070424_B,ABP_EIS1+3d_0130,DMAR,TRUE,N,0.087295274,0,0,3,Undetermined,Undetermined,Undetermined,<null>,<null>,<null>,<null>,<null>,<null>,<null>,<null>,<null>,Y,0,0,0.98690795,0.092002366,2
NGC,45477,Neptune,qPCR_DMAR_070424_B,ABP_EIS1+3d_0224,DMAR,TRUE,N,0.12848483,36.23679737,1,3,Undetermined,36.23679737,Undetermined,<null>,<null>,<null>,<null>,<null>,<null>,<null>,<null>,<null>,Y,0.870241177,1.507301934,0.98690795,0.092002366,2
NGC,45477,Neptune,qPCR_DMAR_070424_A,ABP_EIS2_0104,DMAR,FALSE,N,0.112022857,0,0,3,Undetermined,Undetermined,Undetermined,<null>,<null>,<null>,<null>,<null>,<null>,<null>,<null>,<null>,Y,0,0,0.987524026,0.091999388,2
NGC,45477,Neptune,qPCR_DMAR_070424_B,ABP_EIS2_0221,DMAR,TRUE,N,0.030708156,0,0,3,Undetermined,Undetermined,Undetermined,<null>,<null>,<null>,<null>,<null>,<null>,<null>,<null>,<null>,Y,0,0,0.98690795,0.092002366,2
NGC,45477,Neptune,qPCR_DMAR_070424_A,ABP_EIS2_1211,DMAR,FALSE,N,0.234476319,0,0,3,Undetermined,Undetermined,Undetermined,<null>,<null>,<null>,<null>,<null>,<null>,<null>,<null>,<null>,Y,0,0,0.987524026,0.091999388,2
NGC,7/8/2024,Neptune,qPCR_DMAR_0708zymo,ABP_EIS2+1d_0104,DMAR,FALSE,N,0.125776663,0,0,3,Undetermined,Undetermined,Undetermined,<null>,<null>,<null>,<null>,<null>,<null>,<null>,<null>,<null>,Y,0,0,0.992497386,0.075713953,2
NGC,45477,Neptune,qPCR_DMAR_070424_B,ABP_EIS2+1d_0221,DMAR,TRUE,N,0.007401867,37.25844721,2,3,37.58872151,Undetermined,36.92817291,<null>,<null>,<null>,<null>,<null>,<null>,<null>,<null>,<null>,Y,0.891359382,0.826420376,0.98690795,0.092002366,2
NGC,45477,Neptune,qPCR_DMAR_070424_B,ABP_EIS2+1d_1130,DMAR,TRUE,N,0.025550395,35.58223026,3,3,35.85853952,35.69623268,35.19191857,<null>,<null>,<null>,<null>,<null>,<null>,<null>,<null>,<null>,Y,4.151633791,1.022097316,0.98690795,0.092002366,2
NGC,45476,Neptune,qPCR_DMAR_070324,ABP_F11C51_0224,DMAR,TRUE,N,-0.027354268,0,0,3,Undetermined,Undetermined,Undetermined,<null>,<null>,<null>,<null>,<null>,<null>,<null>,<null>,<null>,Y,0,0,0.992282086,0.081067475,2
NGC,45476,Neptune,qPCR_DMAR_070324,ABP_F1C22_0224,DMAR,TRUE,N,-0.019813872,0,0,3,Undetermined,Undetermined,Undetermined,<null>,<null>,<null>,<null>,<null>,<null>,<null>,<null>,<null>,Y,0,0,0.992282086,0.081067475,2
NGC,45476,Neptune,qPCR_DMAR_070324,ABP_F3C27_0103,DMAR,TRUE,N,0.061178996,0,0,3,Undetermined,Undetermined,Undetermined,<null>,<null>,<null>,<null>,<null>,<null>,<null>,<null>,<null>,Y,0,0,0.992282086,0.081067475,2
NGC,45476,Neptune,qPCR_DMAR_070324,ABP_F4C25_0103,DMAR,TRUE,N,-0.045989973,0,0,3,Undetermined,Undetermined,Undetermined,<null>,<null>,<null>,<null>,<null>,<null>,<null>,<null>,<null>,Y,0,0,0.992282086,0.081067475,2
NGC,45476,Neptune,qPCR_DMAR_070324,ABP_F5C44_0224,DMAR,TRUE,N,-0.085217233,0,0,3,Undetermined,Undetermined,Undetermined,<null>,<null>,<null>,<null>,<null>,<null>,<null>,<null>,<null>,Y,0,0,0.992282086,0.081067475,2
NGC,45474,Neptune,qPCR_DMAR_070124,ABP_F5C44_1129,DMAR,FALSE,N,0.096082535,0,0,3,Undetermined,Undetermined,Undetermined,<null>,<null>,<null>,<null>,<null>,<null>,<null>,<null>,<null>,Y,0,0,0.995667731,0.056174831,2
NGC,45474,Neptune,qPCR_DMAR_070124,ABP_F6C23_1129,DMAR,FALSE,N,0.045368637,0,0,3,Undetermined,Undetermined,Undetermined,<null>,<null>,<null>,<null>,<null>,<null>,<null>,<null>,<null>,Y,0,0,0.995667731,0.056174831,2
NGC,45474,Neptune,qPCR_DMAR_070124,ABP_F7C32_1129,DMAR,FALSE,N,0.069463279,0,0,3,Undetermined,Undetermined,Undetermined,<null>,<null>,<null>,<null>,<null>,<null>,<null>,<null>,<null>,Y,0,0,0.995667731,0.056174831,2
NGC,45474,Neptune,qPCR_DMAR_070124,ABP_F7C37_1129,DMAR,FALSE,N,0.201160888,0,0,3,Undetermined,Undetermined,Undetermined,<null>,<null>,<null>,<null>,<null>,<null>,<null>,<null>,<null>,Y,0,0,0.995667731,0.056174831,2
NGC,45477,Neptune,qPCR_DMAR_070424_A,ABP_F8C28_0224,DMAR,FALSE,N,0.149971092,0,0,3,Undetermined,Undetermined,Undetermined,<null>,<null>,<null>,<null>,<null>,<null>,<null>,<null>,<null>,Y,0,0,0.987524026,0.091999388,2
NGC,45474,Neptune,qPCR_DMAR_070124,ABP_F8C28_1129,DMAR,FALSE,N,0.123349306,0,0,3,Undetermined,Undetermined,Undetermined,<null>,<null>,<null>,<null>,<null>,<null>,<null>,<null>,<null>,Y,0,0,0.995667731,0.056174831,2
NGC,45477,Neptune,qPCR_DMAR_070424_A,ABP_F9C34_0224,DMAR,FALSE,N,0.126078185,0,0,3,Undetermined,Undetermined,Undetermined,<null>,<null>,<null>,<null>,<null>,<null>,<null>,<null>,<null>,Y,0,0,0.987524026,0.091999388,2
NGC,45474,Neptune,qPCR_DMAR_070124,ABP_F9C34_1129,DMAR,FALSE,N,0.150082141,0,0,3,Undetermined,Undetermined,Undetermined,<null>,<null>,<null>,<null>,<null>,<null>,<null>,<null>,<null>,Y,0,0,0.995667731,0.056174831,2
NGC,45477,Neptune,qPCR_DMAR_070424_A,ABP_IT1_0104,DMAR,FALSE,N,0.348679354,35.45792438,2,3,35.09630864,Undetermined,35.81954011,<null>,<null>,<null>,<null>,<null>,<null>,<null>,<null>,<null>,Y,9.705838069,9.043800235,0.987524026,0.091999388,2
NGC,45477,Neptune,qPCR_DMAR_070424_A,ABP_IT1_1211,DMAR,FALSE,N,-0.051200802,0,0,3,Undetermined,Undetermined,Undetermined,<null>,<null>,<null>,<null>,<null>,<null>,<null>,<null>,<null>,Y,0,0,0.987524026,0.091999388,2
NGC,45477,Neptune,qPCR_DMAR_070424_B,ABP_IT2_1130,DMAR,TRUE,N,0.002175835,37.45075245,1,3,Undetermined,37.45075245,Undetermined,<null>,<null>,<null>,<null>,<null>,<null>,<null>,<null>,<null>,Y,0.381447804,0.660686977,0.98690795,0.092002366,2
NGC,45477,Neptune,qPCR_DMAR_070424_A,ABP_IT3_1211,DMAR,FALSE,N,0.115262099,38.07190217,2,3,Undetermined,37.20347087,38.94033348,<null>,<null>,<null>,<null>,<null>,<null>,<null>,<null>,<null>,Y,2.030331157,2.342711737,0.987524026,0.091999388,2
NGC,45476,Neptune,qPCR_DMAR_070324,ABP_NC_0103,DMAR,TRUE,N,0.017346945,0,0,3,Undetermined,Undetermined,Undetermined,<null>,<null>,<null>,<null>,<null>,<null>,<null>,<null>,<null>,Y,0,0,0.992282086,0.081067475,2
NGC,45477,Neptune,qPCR_DMAR_070424_B,ABP_NC32_1129,DMAR,TRUE,N,-0.034836157,0,0,3,Undetermined,Undetermined,Undetermined,<null>,<null>,<null>,<null>,<null>,<null>,<null>,<null>,<null>,Y,0,0,0.98690795,0.092002366,2
NGC,45474,Neptune,qPCR_DMAR_070124,ABP_NC33_1129,DMAR,FALSE,N,0.139046648,0,0,3,Undetermined,Undetermined,Undetermined,<null>,<null>,<null>,<null>,<null>,<null>,<null>,<null>,<null>,Y,0,0,0.995667731,0.056174831,2
NGC,45474,Neptune,qPCR_DMAR_070124,ABP_RB1_1129,DMAR,FALSE,N,0.089473076,0,0,3,Undetermined,Undetermined,Undetermined,<null>,<null>,<null>,<null>,<null>,<null>,<null>,<null>,<null>,Y,0,0,0.995667731,0.056174831,2
NGC,45474,Neptune,qPCR_DMAR_070124,ABP_RB10_1129,DMAR,FALSE,N,0.132675712,0,0,3,Undetermined,Undetermined,Undetermined,<null>,<null>,<null>,<null>,<null>,<null>,<null>,<null>,<null>,Y,0,0,0.995667731,0.056174831,2
NGC,45476,Neptune,qPCR_DMAR_070324,ABP_RB11_0103,DMAR,TRUE,N,0.061953761,0,0,3,Undetermined,Undetermined,Undetermined,<null>,<null>,<null>,<null>,<null>,<null>,<null>,<null>,<null>,Y,0,0,0.992282086,0.081067475,2
NGC,45476,Neptune,qPCR_DMAR_070324,ABP_RB12_0103,DMAR,TRUE,N,0.134352382,0,0,3,Undetermined,Undetermined,Undetermined,<null>,<null>,<null>,<null>,<null>,<null>,<null>,<null>,<null>,Y,0,0,0.992282086,0.081067475,2
NGC,45476,Neptune,qPCR_DMAR_070324,ABP_RB13_0103,DMAR,TRUE,N,0.03211336,0,0,3,Undetermined,Undetermined,Undetermined,<null>,<null>,<null>,<null>,<null>,<null>,<null>,<null>,<null>,Y,0,0,0.992282086,0.081067475,2
NGC,45476,Neptune,qPCR_DMAR_070324,ABP_RB14_0103,DMAR,TRUE,N,0.023465715,0,0,3,Undetermined,Undetermined,Undetermined,<null>,<null>,<null>,<null>,<null>,<null>,<null>,<null>,<null>,Y,0,0,0.992282086,0.081067475,2
NGC,45477,Neptune,qPCR_DMAR_070424_A,ABP_RB15_0224,DMAR,FALSE,N,0.03548361,0,0,3,Undetermined,Undetermined,Undetermined,<null>,<null>,<null>,<null>,<null>,<null>,<null>,<null>,<null>,Y,0,0,0.987524026,0.091999388,2
NGC,45477,Neptune,qPCR_DMAR_070424_A,ABP_RB16_0224,DMAR,FALSE,N,0.077573899,0,0,3,Undetermined,Undetermined,Undetermined,<null>,<null>,<null>,<null>,<null>,<null>,<null>,<null>,<null>,Y,0,0,0.987524026,0.091999388,2
NGC,45477,Neptune,qPCR_DMAR_070424_A,ABP_RB17_0224,DMAR,FALSE,N,0.0800105,37.83081062,1,3,Undetermined,37.83081062,Undetermined,<null>,<null>,<null>,<null>,<null>,<null>,<null>,<null>,<null>,Y,1.021404745,1.769124914,0.987524026,0.091999388,2
NGC,45477,Neptune,qPCR_DMAR_070424_A,ABP_RB18_0224,DMAR,FALSE,N,-0.027580419,0,0,3,Undetermined,Undetermined,Undetermined,<null>,<null>,<null>,<null>,<null>,<null>,<null>,<null>,<null>,Y,0,0,0.987524026,0.091999388,2
NGC,45477,Neptune,qPCR_DMAR_070424_A,ABP_RB19_0224,DMAR,FALSE,N,0.066194649,0,0,3,Undetermined,Undetermined,Undetermined,<null>,<null>,<null>,<null>,<null>,<null>,<null>,<null>,<null>,Y,0,0,0.987524026,0.091999388,2
NGC,45474,Neptune,qPCR_DMAR_070124,ABP_RB2_1129,DMAR,FALSE,N,0.161475789,0,0,3,Undetermined,Undetermined,Undetermined,<null>,<null>,<null>,<null>,<null>,<null>,<null>,<null>,<null>,Y,0,0,0.995667731,0.056174831,2
NGC,45474,Neptune,qPCR_DMAR_070124,ABP_RB3_1129,DMAR,FALSE,N,0.03749119,0,0,3,Undetermined,Undetermined,Undetermined,<null>,<null>,<null>,<null>,<null>,<null>,<null>,<null>,<null>,Y,0,0,0.995667731,0.056174831,2
NGC,45474,Neptune,qPCR_DMAR_070124,ABP_RB4_1129,DMAR,FALSE,N,0.221575742,0,0,3,Undetermined,Undetermined,Undetermined,<null>,<null>,<null>,<null>,<null>,<null>,<null>,<null>,<null>,Y,0,0,0.995667731,0.056174831,2
NGC,45474,Neptune,qPCR_DMAR_070124,ABP_RB5_1129,DMAR,FALSE,N,0.189278951,0,0,3,Undetermined,Undetermined,Undetermined,<null>,<null>,<null>,<null>,<null>,<null>,<null>,<null>,<null>,Y,0,0,0.995667731,0.056174831,2
NGC,45474,Neptune,qPCR_DMAR_070124,ABP_RB6_1129,DMAR,FALSE,N,0.111185477,0,0,3,Undetermined,Undetermined,Undetermined,<null>,<null>,<null>,<null>,<null>,<null>,<null>,<null>,<null>,Y,0,0,0.995667731,0.056174831,2
NGC,45474,Neptune,qPCR_DMAR_070124,ABP_RB7_1129,DMAR,FALSE,N,0.157486325,0,0,3,Undetermined,Undetermined,Undetermined,<null>,<null>,<null>,<null>,<null>,<null>,<null>,<null>,<null>,Y,0,0,0.995667731,0.056174831,2
NGC,45474,Neptune,qPCR_DMAR_070124,ABP_RB8_1129,DMAR,FALSE,N,0.110981306,0,0,3,Undetermined,Undetermined,Undetermined,<null>,<null>,<null>,<null>,<null>,<null>,<null>,<null>,<null>,Y,0,0,0.995667731,0.056174831,2
NGC,45474,Neptune,qPCR_DMAR_070124,ABP_RB9_1129,DMAR,FALSE,N,0.089900253,0,0,3,Undetermined,Undetermined,Undetermined,<null>,<null>,<null>,<null>,<null>,<null>,<null>,<null>,<null>,Y,0,0,0.995667731,0.056174831,2
NGC,45455,Neptune,qPCR_DMAR_0612_B,CNF_CB1_0206,DMAR,FALSE,N,0.063641538,0,0,3,Undetermined,Undetermined,Undetermined,<null>,<null>,<null>,<null>,<null>,<null>,<null>,<null>,<null>,Y,0,0,0.992829868,0.070546093,2
NGC,45464,Neptune,qPCR_DMAR_061824_A,CNF_CB1_0228,DMAR,TRUE,N,0.126795966,0,0,3,Undetermined,Undetermined,Undetermined,<null>,<null>,<null>,<null>,<null>,<null>,<null>,<null>,<null>,Y,0,0,0.991374364,0.07470478,2
NGC,45464,Neptune,qPCR_DMAR_061824_A,CNF_CB1_1221,DMAR,TRUE,N,0.157696958,0,0,3,Undetermined,Undetermined,Undetermined,<null>,<null>,<null>,<null>,<null>,<null>,<null>,<null>,<null>,Y,0,0,0.991374364,0.07470478,2
NGC,45455,Neptune,qPCR_DMAR_0612_B,CNF_CB2_0206,DMAR,FALSE,N,0.062781674,0,0,3,Undetermined,Undetermined,Undetermined,<null>,<null>,<null>,<null>,<null>,<null>,<null>,<null>,<null>,Y,0,0,0.992829868,0.070546093,2
NGC,45464,Neptune,qPCR_DMAR_061824_A,CNF_CB2_0228,DMAR,TRUE,N,0.103844774,0,0,3,Undetermined,Undetermined,Undetermined,<null>,<null>,<null>,<null>,<null>,<null>,<null>,<null>,<null>,Y,0,0,0.991374364,0.07470478,2
NGC,45464,Neptune,qPCR_DMAR_061824_A,CNF_CB2_1221,DMAR,TRUE,N,0.201746923,32.29231281,3,3,32.13241869,32.37211461,32.37240512,<null>,<null>,<null>,<null>,<null>,<null>,<null>,<null>,<null>,Y,41.69810631,4.012639219,0.991374364,0.07470478,2
NGC,45455,Neptune,qPCR_DMAR_0612_B,CNF_CB3_0206,DMAR,FALSE,N,0.159695432,0,0,3,Undetermined,Undetermined,Undetermined,<null>,<null>,<null>,<null>,<null>,<null>,<null>,<null>,<null>,Y,0,0,0.992829868,0.070546093,2
NGC,45464,Neptune,qPCR_DMAR_061824_A,CNF_CB3_0228,DMAR,TRUE,N,0.156011155,0,0,3,Undetermined,Undetermined,Undetermined,<null>,<null>,<null>,<null>,<null>,<null>,<null>,<null>,<null>,Y,0,0,0.991374364,0.07470478,2
NGC,45455,Neptune,qPCR_DMAR_0612_B,CNF_CB4_0206,DMAR,FALSE,N,-0.028537662,0,0,3,Undetermined,Undetermined,Undetermined,<null>,<null>,<null>,<null>,<null>,<null>,<null>,<null>,<null>,Y,0,0,0.992829868,0.070546093,2
NGC,45464,Neptune,qPCR_DMAR_061824_A,CNF_CB4_0228,DMAR,TRUE,N,0.134196036,0,0,3,Undetermined,Undetermined,Undetermined,<null>,<null>,<null>,<null>,<null>,<null>,<null>,<null>,<null>,Y,0,0,0.991374364,0.07470478,2
NGC,45464,Neptune,qPCR_DMAR_061824_A,CNF_CB5_0228,DMAR,TRUE,N,0.098181462,0,0,3,Undetermined,Undetermined,Undetermined,<null>,<null>,<null>,<null>,<null>,<null>,<null>,<null>,<null>,Y,0,0,0.991374364,0.07470478,2
NGC,45464,Neptune,qPCR_DMAR_061824_A,CNF_EIS1_0228,DMAR,TRUE,N,0.214333703,36.93930717,2,3,37.6097288,Undetermined,36.26888555,<null>,<null>,<null>,<null>,<null>,<null>,<null>,<null>,<null>,Y,1.313643632,1.413153731,0.991374364,0.07470478,2
NGC,45464,Neptune,qPCR_DMAR_061824_A,CNF_EIS1_1221,DMAR,TRUE,N,0.29650935,36.85105842,2,3,37.18069092,36.52142592,Undetermined,<null>,<null>,<null>,<null>,<null>,<null>,<null>,<null>,<null>,Y,1.293713589,1.198788536,0.991374364,0.07470478,2
NGC,45464,Neptune,qPCR_DMAR_061824_A,CNF_EIS2_1221,DMAR,TRUE,N,0.138499298,0,0,3,Undetermined,Undetermined,Undetermined,<null>,<null>,<null>,<null>,<null>,<null>,<null>,<null>,<null>,Y,0,0,0.991374364,0.07470478,2
NGC,45455,Neptune,qPCR_DMAR_0612_B,CNF_EIS3_0206,DMAR,FALSE,N,0.004296705,0,0,3,Undetermined,Undetermined,Undetermined,<null>,<null>,<null>,<null>,<null>,<null>,<null>,<null>,<null>,Y,0,0,0.992829868,0.070546093,2
NGC,45455,Neptune,qPCR_DMAR_0612_B,CNF_IT1_0206,DMAR,FALSE,N,0.160439397,38.79933847,2,3,Undetermined,38.82832051,38.77035643,<null>,<null>,<null>,<null>,<null>,<null>,<null>,<null>,<null>,Y,0.705303417,0.611158786,0.992829868,0.070546093,2
NGC,45464,Neptune,qPCR_DMAR_0618_B,CNF_IT1_1221,DMAR,TRUE,N,-0.095075559,31.31501945,3,3,31.1182123,31.69460324,31.13224281,<null>,<null>,<null>,<null>,<null>,<null>,<null>,<null>,<null>,Y,114.9131139,22.3448519,0.995993959,0.055931541,2
NGC,45464,Neptune,qPCR_DMAR_0618_B,CNF_IT2_0206,DMAR,TRUE,N,0.006626329,0,0,3,Undetermined,Undetermined,Undetermined,<null>,<null>,<null>,<null>,<null>,<null>,<null>,<null>,<null>,Y,0,0,0.995993959,0.055931541,2
NGC,45455,Neptune,qPCR_DMAR_0612_B,CNF_NC_0206,DMAR,FALSE,N,0.066052395,0,0,3,Undetermined,Undetermined,Undetermined,<null>,<null>,<null>,<null>,<null>,<null>,<null>,<null>,<null>,Y,0,0,0.992829868,0.070546093,2
NGC,45464,Neptune,qPCR_DMAR_061824_A,CNF_NC_0228,DMAR,TRUE,N,0.204787317,0,0,3,Undetermined,Undetermined,Undetermined,<null>,<null>,<null>,<null>,<null>,<null>,<null>,<null>,<null>,Y,0,0,0.991374364,0.07470478,2
NGC,45455,Neptune,qPCR_DMAR_0612_B,CNF_RB1_0206,DMAR,FALSE,N,-0.034156282,0,0,3,Undetermined,Undetermined,Undetermined,<null>,<null>,<null>,<null>,<null>,<null>,<null>,<null>,<null>,Y,0,0,0.992829868,0.070546093,2
NGC,45464,Neptune,qPCR_DMAR_061824_A,CNF_RB1_0228,DMAR,TRUE,N,0.128774197,0,0,3,Undetermined,Undetermined,Undetermined,<null>,<null>,<null>,<null>,<null>,<null>,<null>,<null>,<null>,Y,0,0,0.991374364,0.07470478,2
NGC,45464,Neptune,qPCR_DMAR_061824_A,CNF_RB1_1221,DMAR,TRUE,N,0.09658021,0,0,3,Undetermined,Undetermined,Undetermined,<null>,<null>,<null>,<null>,<null>,<null>,<null>,<null>,<null>,Y,0,0,0.991374364,0.07470478,2
NGC,45455,Neptune,qPCR_DMAR_0612_B,CNF_RB2_0206,DMAR,FALSE,N,0.019739983,0,0,3,Undetermined,Undetermined,Undetermined,<null>,<null>,<null>,<null>,<null>,<null>,<null>,<null>,<null>,Y,0,0,0.992829868,0.070546093,2
NGC,45464,Neptune,qPCR_DMAR_061824_A,CNF_RB2_0228,DMAR,TRUE,N,0.167267242,0,0,3,Undetermined,Undetermined,Undetermined,<null>,<null>,<null>,<null>,<null>,<null>,<null>,<null>,<null>,Y,0,0,0.991374364,0.07470478,2
NGC,45464,Neptune,qPCR_DMAR_061824_A,CNF_RB2_1221,DMAR,TRUE,N,0.097678001,0,0,3,Undetermined,Undetermined,Undetermined,<null>,<null>,<null>,<null>,<null>,<null>,<null>,<null>,<null>,Y,0,0,0.991374364,0.07470478,2
NGC,45455,Neptune,qPCR_DMAR_0612_B,CNF_RB3_0206,DMAR,FALSE,N,0.111955425,37.32889882,1,3,Undetermined,37.32889882,Undetermined,<null>,<null>,<null>,<null>,<null>,<null>,<null>,<null>,<null>,Y,0.948150757,1.642245285,0.992829868,0.070546093,2
NGC,45464,Neptune,qPCR_DMAR_061824_A,CNF_RB3_0228,DMAR,TRUE,N,0.099900684,0,0,3,Undetermined,Undetermined,Undetermined,<null>,<null>,<null>,<null>,<null>,<null>,<null>,<null>,<null>,Y,0,0,0.991374364,0.07470478,2
NGC,45464,Neptune,qPCR_DMAR_061824_A,CNF_RB3_1221,DMAR,TRUE,N,0.080316188,0,0,3,Undetermined,Undetermined,Undetermined,<null>,<null>,<null>,<null>,<null>,<null>,<null>,<null>,<null>,Y,0,0,0.991374364,0.07470478,2
NGC,45455,Neptune,qPCR_DMAR_0612_B,CNF_RB4_0206,DMAR,FALSE,N,0.024570133,0,0,3,Undetermined,Undetermined,Undetermined,<null>,<null>,<null>,<null>,<null>,<null>,<null>,<null>,<null>,Y,0,0,0.992829868,0.070546093,2
NGC,45464,Neptune,qPCR_DMAR_061824_A,CNF_RB4_0228,DMAR,TRUE,N,0.179231743,0,0,3,Undetermined,Undetermined,Undetermined,<null>,<null>,<null>,<null>,<null>,<null>,<null>,<null>,<null>,Y,0,0,0.991374364,0.07470478,2
NGC,45464,Neptune,qPCR_DMAR_0618_B,CNF_RB4_1221,DMAR,TRUE,N,0.099367288,0,0,3,Undetermined,Undetermined,Undetermined,<null>,<null>,<null>,<null>,<null>,<null>,<null>,<null>,<null>,Y,0,0,0.995993959,0.055931541,2
NGC,45455,Neptune,qPCR_DMAR_0612_B,CNF_RB5_0206,DMAR,FALSE,N,0.02099053,0,0,3,Undetermined,Undetermined,Undetermined,<null>,<null>,<null>,<null>,<null>,<null>,<null>,<null>,<null>,Y,0,0,0.992829868,0.070546093,2
NGC,45464,Neptune,qPCR_DMAR_061824_A,CNF_RB5_0228,DMAR,TRUE,N,0.112512819,0,0,3,Undetermined,Undetermined,Undetermined,<null>,<null>,<null>,<null>,<null>,<null>,<null>,<null>,<null>,Y,0,0,0.991374364,0.07470478,2
NGC,45464,Neptune,qPCR_DMAR_0618_B,CNF_RB5_1221,DMAR,TRUE,N,0.007666363,0,0,3,Undetermined,Undetermined,Undetermined,<null>,<null>,<null>,<null>,<null>,<null>,<null>,<null>,<null>,Y,0,0,0.995993959,0.055931541,2
NGC,45455,Neptune,qPCR_DMAR_0612_B,CNF_RB6_0206,DMAR,FALSE,N,0.036503762,0,0,3,Undetermined,Undetermined,Undetermined,<null>,<null>,<null>,<null>,<null>,<null>,<null>,<null>,<null>,Y,0,0,0.992829868,0.070546093,2
NGC,45464,Neptune,qPCR_DMAR_0618_B,CNF_RB6_1221,DMAR,TRUE,N,-0.030487915,0,0,3,Undetermined,Undetermined,Undetermined,<null>,<null>,<null>,<null>,<null>,<null>,<null>,<null>,<null>,Y,0,0,0.995993959,0.055931541,2
NGC,45464,Neptune,qPCR_DMAR_0618_B,CNF_RB7_1221,DMAR,TRUE,N,-0.032766422,0,0,3,Undetermined,Undetermined,Undetermined,<null>,<null>,<null>,<null>,<null>,<null>,<null>,<null>,<null>,Y,0,0,0.995993959,0.055931541,2
NGC,45464,Neptune,qPCR_DMAR_0618_B,CNF_RB8_1221,DMAR,TRUE,N,-0.004343813,0,0,3,Undetermined,Undetermined,Undetermined,<null>,<null>,<null>,<null>,<null>,<null>,<null>,<null>,<null>,Y,0,0,0.995993959,0.055931541,2
NGC,45455,Neptune,qPCR_DMAR_0612_B,CNF_RF1_0206,DMAR,FALSE,N,0.011561452,0,0,3,Undetermined,Undetermined,Undetermined,<null>,<null>,<null>,<null>,<null>,<null>,<null>,<null>,<null>,Y,0,0,0.992829868,0.070546093,2
NGC,45464,Neptune,qPCR_DMAR_061824_A,CNF_RF1_0228,DMAR,TRUE,N,0.153078065,0,0,3,Undetermined,Undetermined,Undetermined,<null>,<null>,<null>,<null>,<null>,<null>,<null>,<null>,<null>,Y,0,0,0.991374364,0.07470478,2
NGC,45464,Neptune,qPCR_DMAR_0618_B,CNF_RF1_1221,DMAR,TRUE,N,-0.012145358,38.64719131,1,3,38.64719131,Undetermined,Undetermined,<null>,<null>,<null>,<null>,<null>,<null>,<null>,<null>,<null>,Y,0.36375196,0.630036876,0.995993959,0.055931541,2
NGC,45455,Neptune,qPCR_DMAR_0612_B,CNF_RF2_0206,DMAR,FALSE,N,0.055060846,0,0,3,Undetermined,Undetermined,Undetermined,<null>,<null>,<null>,<null>,<null>,<null>,<null>,<null>,<null>,Y,0,0,0.992829868,0.070546093,2
NGC,45464,Neptune,qPCR_DMAR_061824_A,CNF_RF2_0228,DMAR,TRUE,N,0.146671595,0,0,3,Undetermined,Undetermined,Undetermined,<null>,<null>,<null>,<null>,<null>,<null>,<null>,<null>,<null>,Y,0,0,0.991374364,0.07470478,2
NGC,45464,Neptune,qPCR_DMAR_0618_B,CNF_RF2_1221,DMAR,TRUE,N,0.06058021,0,0,3,Undetermined,Undetermined,Undetermined,<null>,<null>,<null>,<null>,<null>,<null>,<null>,<null>,<null>,Y,0,0,0.995993959,0.055931541,2
NGC,45455,Neptune,qPCR_DMAR_0612_B,CNF_RF3_0206,DMAR,FALSE,N,-0.018860528,0,0,3,Undetermined,Undetermined,Undetermined,<null>,<null>,<null>,<null>,<null>,<null>,<null>,<null>,<null>,Y,0,0,0.992829868,0.070546093,2
NGC,45464,Neptune,qPCR_DMAR_061824_A,CNF_RF3_0228,DMAR,TRUE,N,0.184770261,0,0,3,Undetermined,Undetermined,Undetermined,<null>,<null>,<null>,<null>,<null>,<null>,<null>,<null>,<null>,Y,0,0,0.991374364,0.07470478,2
NGC,45464,Neptune,qPCR_DMAR_0618_B,CNF_RF3_1221,DMAR,TRUE,N,0.014204368,0,0,3,Undetermined,Undetermined,Undetermined,<null>,<null>,<null>,<null>,<null>,<null>,<null>,<null>,<null>,Y,0,0,0.995993959,0.055931541,2
NGC,45455,Neptune,qPCR_DMAR_0612_B,CNF_RF4_0206,DMAR,FALSE,N,0.100792506,0,0,3,Undetermined,Undetermined,Undetermined,<null>,<null>,<null>,<null>,<null>,<null>,<null>,<null>,<null>,Y,0,0,0.992829868,0.070546093,2
NGC,45464,Neptune,qPCR_DMAR_061824_A,CNF_RF4_0228,DMAR,TRUE,N,0.25139611,0,0,3,Undetermined,Undetermined,Undetermined,<null>,<null>,<null>,<null>,<null>,<null>,<null>,<null>,<null>,Y,0,0,0.991374364,0.07470478,2
NGC,45464,Neptune,qPCR_DMAR_0618_B,CNF_RF4_1221,DMAR,TRUE,N,-0.001820702,0,0,3,Undetermined,Undetermined,Undetermined,<null>,<null>,<null>,<null>,<null>,<null>,<null>,<null>,<null>,Y,0,0,0.995993959,0.055931541,2
NGC,45455,Neptune,qPCR_DMAR_0612_B,CNF_RF5_0206,DMAR,FALSE,N,0.066546124,0,0,3,Undetermined,Undetermined,Undetermined,<null>,<null>,<null>,<null>,<null>,<null>,<null>,<null>,<null>,Y,0,0,0.992829868,0.070546093,2
NGC,45464,Neptune,qPCR_DMAR_061824_A,CNF_RF5_0228,DMAR,TRUE,N,0.133238386,0,0,3,Undetermined,Undetermined,Undetermined,<null>,<null>,<null>,<null>,<null>,<null>,<null>,<null>,<null>,Y,0,0,0.991374364,0.07470478,2
NGC,45464,Neptune,qPCR_DMAR_0618_B,CNF_RF5_1221,DMAR,TRUE,N,-0.002850624,0,0,3,Undetermined,Undetermined,Undetermined,<null>,<null>,<null>,<null>,<null>,<null>,<null>,<null>,<null>,Y,0,0,0.995993959,0.055931541,2
NGC,45448,Rosalind,qPCR_DMAR_0603_A,FSE_B1_0111,DMAR,0.039999999,N,0.054039455,31.8636634,3,3,32.44096829,31.28247892,31.86754297,<null>,<null>,<null>,<null>,<null>,<null>,<null>,<null>,<null>,Y,91.03482676,33.26703671,89.74704219,0.986058801,2
NGC,7/8/2024,Neptune,qPCR_DMAR_0708zymo,FSE_B1_0201,DMAR,FALSE,N,0.048683872,38.48178777,3,3,39.33516786599059,38.827148843527574,37.28304660717693,<null>,<null>,<null>,<null>,<null>,<null>,<null>,<null>,<null>,Y,2.691253066,1.950226632,0.992497386,0.075713953,2
NGC,4/29/2024,Rosalind,qCPR_DMAR_042924_PB,FSE_B1_0220,DMAR,0.128247703,N,0.049606602,38.7484316,3,3,38.00714391,40.37305875,37.86509215,<null>,<null>,<null>,<null>,<null>,<null>,<null>,<null>,<null>,Y,1.872489686,1.207850975,97.97997723,0.994105303,2
NGC,45464,Neptune,qPCR_DMAR_0618_B,FSE_B1_0307,DMAR,TRUE,N,0.000663873,35.51346021,2,3,35.40905543,Undetermined,35.61786498,<null>,<null>,<null>,<null>,<null>,<null>,<null>,<null>,<null>,Y,5.303940254,4.623277929,0.995993959,0.055931541,2
NGC,5/3/2024,Rosalind,qPCR_DMAR_050324_A,FSE_B1_1206,DMAR,FALSE,N,0.033254632,32.56096212,3,3,32.75045257726789,32.61657575248253,32.31585802870296,<null>,<null>,<null>,<null>,<null>,<null>,<null>,<null>,<null>,Y,140.8914937,20.02819439,0.991642616,0.084522155,2
NGC,45448,Rosalind,qPCR_DMAR_0603_A,FSE_B1_1218,DMAR,0.039999999,N,0.024449329,32.62163945,3,3,32.66687263,32.69506274,32.50298297,<null>,<null>,<null>,<null>,<null>,<null>,<null>,<null>,<null>,Y,53.61404505,3.6219071,89.74704219,0.986058801,2
NGC,5/3/2024,Rosalind,qPCR_DMAR_050324_A,FSE_B1+3d_1206,DMAR,FALSE,N,0.029824847,36.14840833,3,3,37.19374758515634,35.67043971999688,35.58103767802372,<null>,<null>,<null>,<null>,<null>,<null>,<null>,<null>,<null>,Y,16.31440426,7.457974445,0.991642616,0.084522155,2
NGC,45448,Rosalind,qPCR_DMAR_0603_A,FSE_B2_0111,DMAR,0.039999999,N,0.092693298,0,0,3,Undetermined,Undetermined,Undetermined,<null>,<null>,<null>,<null>,<null>,<null>,<null>,<null>,<null>,Y,0,0,89.74704219,0.986058801,2
NGC,45455,Neptune,qPCR_DMAR_0612_A,FSE_B2_0201,DMAR,FALSE,N,0.702764148,0,0,3,Undetermined,Undetermined,Undetermined,<null>,<null>,<null>,<null>,<null>,<null>,<null>,<null>,<null>,Y,0,0,0.980949143,0.120458422,2
NGC,4/29/2024,Rosalind,qCPR_DMAR_042924_PB,FSE_B2_0220,DMAR,0.128247703,N,0.085766683,0,0,3,Undetermined,Undetermined,Undetermined,<null>,<null>,<null>,<null>,<null>,<null>,<null>,<null>,<null>,Y,0,0,97.97997723,0.994105303,2
NGC,45464,Neptune,qPCR_DMAR_0618_B,FSE_B2_0307,DMAR,TRUE,N,0.014760056,0,0,3,Undetermined,Undetermined,Undetermined,<null>,<null>,<null>,<null>,<null>,<null>,<null>,<null>,<null>,Y,0,0,0.995993959,0.055931541,2
NGC,5/3/2024,Rosalind,qPCR_DMAR_050324_A,FSE_B2_1206,DMAR,FALSE,N,0.050152337,0,0,3,Undetermined,Undetermined,Undetermined,<null>,<null>,<null>,<null>,<null>,<null>,<null>,<null>,<null>,Y,0,0,0.991642616,0.084522155,2
NGC,45448,Rosalind,qPCR_DMAR_0603_A,FSE_B2_1218,DMAR,0.039999999,N,0.061614479,38.19032316,1,3,Undetermined,38.19032316,Undetermined,<null>,<null>,<null>,<null>,<null>,<null>,<null>,<null>,<null>,Y,0.504034254,0.873012936,89.74704219,0.986058801,2
NGC,45448,Rosalind,qPCR_DMAR_0603_A,FSE_B3_0111,DMAR,0.039999999,N,0.054336252,0,0,3,Undetermined,Undetermined,Undetermined,<null>,<null>,<null>,<null>,<null>,<null>,<null>,<null>,<null>,Y,0,0,89.74704219,0.986058801,2
NGC,45455,Neptune,qPCR_DMAR_0612_A,FSE_B3_0201,DMAR,FALSE,N,0.9797904,0,0,3,Undetermined,Undetermined,Undetermined,<null>,<null>,<null>,<null>,<null>,<null>,<null>,<null>,<null>,Y,0,0,0.980949143,0.120458422,2
NGC,4/29/2024,Rosalind,qCPR_DMAR_042924_PB,FSE_B3_0220,DMAR,0.128247703,N,0.081013469,0,0,3,Undetermined,Undetermined,Undetermined,<null>,<null>,<null>,<null>,<null>,<null>,<null>,<null>,<null>,Y,0,0,97.97997723,0.994105303,2
NGC,45464,Neptune,qPCR_DMAR_0618_B,FSE_B3_0307,DMAR,TRUE,N,0.086069976,0,0,3,Undetermined,Undetermined,Undetermined,<null>,<null>,<null>,<null>,<null>,<null>,<null>,<null>,<null>,Y,0,0,0.995993959,0.055931541,2
NGC,5/3/2024,Rosalind,qPCR_DMAR_050324_A,FSE_B3_1206,DMAR,FALSE,N,-0.021447221,0,0,3,Undetermined,Undetermined,Undetermined,<null>,<null>,<null>,<null>,<null>,<null>,<null>,<null>,<null>,Y,0,0,0.991642616,0.084522155,2
NGC,45448,Rosalind,qPCR_DMAR_0603_A,FSE_B3_1218,DMAR,0.039999999,N,0.050471937,0,0,3,Undetermined,Undetermined,Undetermined,<null>,<null>,<null>,<null>,<null>,<null>,<null>,<null>,<null>,Y,0,0,89.74704219,0.986058801,2
NGC,45448,Rosalind,qPCR_DMAR_0603_A,FSE_B4_0111,DMAR,0.039999999,N,0.079562667,0,0,3,Undetermined,Undetermined,Undetermined,<null>,<null>,<null>,<null>,<null>,<null>,<null>,<null>,<null>,Y,0,0,89.74704219,0.986058801,2
NGC,45455,Neptune,qPCR_DMAR_0612_A,FSE_B4_0201,DMAR,FALSE,N,0.509615171,0,0,3,Undetermined,Undetermined,Undetermined,<null>,<null>,<null>,<null>,<null>,<null>,<null>,<null>,<null>,Y,0,0,0.980949143,0.120458422,2
NGC,4/29/2024,Rosalind,qCPR_DMAR_042924_PB,FSE_B4_0220,DMAR,0.128247703,N,0.065914196,0,0,3,Undetermined,Undetermined,Undetermined,<null>,<null>,<null>,<null>,<null>,<null>,<null>,<null>,<null>,Y,0,0,97.97997723,0.994105303,2
NGC,45464,Neptune,qPCR_DMAR_0618_B,FSE_B4_0307,DMAR,TRUE,N,-0.016173173,0,0,3,Undetermined,Undetermined,Undetermined,<null>,<null>,<null>,<null>,<null>,<null>,<null>,<null>,<null>,Y,0,0,0.995993959,0.055931541,2
NGC,5/3/2024,Rosalind,qPCR_DMAR_050324_A,FSE_B4_1206,DMAR,FALSE,N,0.126077789,0,0,3,Undetermined,Undetermined,Undetermined,<null>,<null>,<null>,<null>,<null>,<null>,<null>,<null>,<null>,Y,0,0,0.991642616,0.084522155,2
NGC,45448,Rosalind,qPCR_DMAR_0603_A,FSE_B4_1218,DMAR,0.039999999,N,0.030219094,0,0,3,Undetermined,Undetermined,Undetermined,<null>,<null>,<null>,<null>,<null>,<null>,<null>,<null>,<null>,Y,0,0,89.74704219,0.986058801,2
NGC,45448,Rosalind,qPCR_DMAR_0603_A,FSE_B5_0111,DMAR,0.039999999,N,0.031553191,0,0,3,Undetermined,Undetermined,Undetermined,<null>,<null>,<null>,<null>,<null>,<null>,<null>,<null>,<null>,Y,0,0,89.74704219,0.986058801,2
NGC,45455,Neptune,qPCR_DMAR_0612_A,FSE_B5_0201,DMAR,FALSE,N,0.567273024,0,0,3,Undetermined,Undetermined,Undetermined,<null>,<null>,<null>,<null>,<null>,<null>,<null>,<null>,<null>,Y,0,0,0.980949143,0.120458422,2
NGC,4/29/2024,Rosalind,qCPR_DMAR_042924_PB,FSE_B5_0220,DMAR,0.128247703,N,-0.000389245,0,0,3,Undetermined,Undetermined,Undetermined,<null>,<null>,<null>,<null>,<null>,<null>,<null>,<null>,<null>,Y,0,0,97.97997723,0.994105303,2
NGC,45464,Neptune,qPCR_DMAR_0618_B,FSE_B5_0307,DMAR,TRUE,N,-0.079273349,0,0,3,Undetermined,Undetermined,Undetermined,<null>,<null>,<null>,<null>,<null>,<null>,<null>,<null>,<null>,Y,0,0,0.995993959,0.055931541,2
NGC,5/3/2024,Rosalind,qPCR_DMAR_050324_A,FSE_B5_1206,DMAR,FALSE,N,-0.07711195,0,0,3,Undetermined,Undetermined,Undetermined,<null>,<null>,<null>,<null>,<null>,<null>,<null>,<null>,<null>,Y,0,0,0.991642616,0.084522155,2
NGC,45448,Rosalind,qPCR_DMAR_0603_A,FSE_B5_1218,DMAR,0.039999999,N,0.052868904,0,0,3,Undetermined,Undetermined,Undetermined,<null>,<null>,<null>,<null>,<null>,<null>,<null>,<null>,<null>,Y,0,0,89.74704219,0.986058801,2
NGC,45448,Rosalind,qPCR_DMAR_0603_A,FSE_EIS1_0111,DMAR,0.039999999,N,0.023077291,36.04820886,1,3,Undetermined,Undetermined,36.04820886,<null>,<null>,<null>,<null>,<null>,<null>,<null>,<null>,<null>,Y,1.987631902,3.44267944,89.74704219,0.986058801,2
NGC,4/29/2024,Rosalind,qCPR_DMAR_042924_PB,FSE_EIS1_0220,DMAR,0.128247703,N,-0.013752627,37.96553505,2,3,Undetermined,38.57868355,37.35238654,<null>,<null>,<null>,<null>,<null>,<null>,<null>,<null>,<null>,Y,1.823770881,1.915097331,97.97997723,0.994105303,2
NGC,5/3/2024,Rosalind,qPCR_DMAR_050324_A,FSE_EIS1_1206,DMAR,FALSE,N,0.020622037,0,0,3,Undetermined,Undetermined,Undetermined,<null>,<null>,<null>,<null>,<null>,<null>,<null>,<null>,<null>,Y,0,0,0.991642616,0.084522155,2
NGC,45448,Rosalind,qPCR_DMAR_0603_A,FSE_EIS1_1206,DMAR,0.039999999,N,0.024000363,0,0,3,Undetermined,Undetermined,Undetermined,<null>,<null>,<null>,<null>,<null>,<null>,<null>,<null>,<null>,Y,0,0,89.74704219,0.986058801,2
NGC,4/29/2024,Rosalind,qCPR_DMAR_042924_PB,FSE_EIS1+1d_0220,DMAR,0.128247703,N,-0.115797754,34.51711646,3,3,34.33799321,34.70559921,34.50775695,<null>,<null>,<null>,<null>,<null>,<null>,<null>,<null>,<null>,Y,26.61911551,3.322422168,97.97997723,0.994105303,2
NGC,5/3/2024,Rosalind,qPCR_DMAR_050324_A,FSE_EIS1+1d_1206,DMAR,FALSE,N,0.095204875,0,0,3,Undetermined,Undetermined,Undetermined,<null>,<null>,<null>,<null>,<null>,<null>,<null>,<null>,<null>,Y,0,0,0.991642616,0.084522155,2
NGC,4/29/2024,Rosalind,qCPR_DMAR_042924_PB,FSE_EIS2_0220,DMAR,0.128247703,N,0.042942599,38.36875159,2,3,Undetermined,39.11907047,37.61843272,<null>,<null>,<null>,<null>,<null>,<null>,<null>,<null>,<null>,Y,1.442255483,1.613118877,97.97997723,0.994105303,2
NGC,5/3/2024,Rosalind,qPCR_DMAR_050324_A,FSE_EIS2_1206,DMAR,FALSE,N,0.062202565,37.51575429,2,3,Undetermined,37.36803480473784,37.66347376644911,<null>,<null>,<null>,<null>,<null>,<null>,<null>,<null>,<null>,Y,4.230694016,3.71021,0.991642616,0.084522155,2
NGC,4/4/2024,Bagel,qCPR_DMAR_040424_PB,FSE_EIS2+2d_0220,DMAR,FALSE,N,0.082359573,37.17462845,1,3,37.17462844556622,Undetermined,Undetermined,<null>,<null>,<null>,<null>,<null>,<null>,<null>,<null>,<null>,Y,1.323746085,2.292795476,0.992819929,0.066594809,2
NGC,45415,Bagel,qPCR_DMAR_050324_B,FSE_EIS2+2d_0220,DMAR,0.090027334,N,0.098628802,37.97003331,1,3,37.97003331,Undetermined,Undetermined,<null>,<null>,<null>,<null>,<null>,<null>,<null>,<null>,<null>,Y,0.696217035,1.205883278,92.01024651,0.992990279,2
NGC,5/3/2024,Rosalind,qPCR_DMAR_050324_A,FSE_EIS2+2d_1206,DMAR,FALSE,N,-0.011777319,35.53411605,3,3,35.346397894730536,36.00391485,35.25203539106933,<null>,<null>,<null>,<null>,<null>,<null>,<null>,<null>,<null>,Y,22.27108465,5.257361017,0.991642616,0.084522155,2
NGC,45448,Rosalind,qPCR_DMAR_0603_A,FSE_F1_0111,DMAR,0.039999999,N,-0.057163441,0,0,3,Undetermined,Undetermined,Undetermined,<null>,<null>,<null>,<null>,<null>,<null>,<null>,<null>,<null>,Y,0,0,89.74704219,0.986058801,2
NGC,4/29/2024,Rosalind,qCPR_DMAR_042924_PB,FSE_F1_0220,DMAR,0.128247703,N,0.065093073,0,0,3,Undetermined,Undetermined,Undetermined,<null>,<null>,<null>,<null>,<null>,<null>,<null>,<null>,<null>,Y,0,0,97.97997723,0.994105303,2
NGC,5/3/2024,Rosalind,qPCR_DMAR_050324_A,FSE_F1_1206,DMAR,FALSE,N,0.047849439,0,0,3,Undetermined,Undetermined,Undetermined,<null>,<null>,<null>,<null>,<null>,<null>,<null>,<null>,<null>,Y,0,0,0.991642616,0.084522155,2
NGC,4/29/2024,Rosalind,qCPR_DMAR_042924_PB,FSE_F2_0220,DMAR,0.128247703,N,-0.021464018,37.97817439,1,3,37.97817439338846,Undetermined,Undetermined,<null>,<null>,<null>,<null>,<null>,<null>,<null>,<null>,<null>,Y,0.830180714,1.437915175,97.97997723,0.994105303,2
NGC,45448,Rosalind,qPCR_DMAR_0603_B,FSE_F2_0111,DMAR,TRUE,N,0.050332333,0,0,3,Undetermined,Undetermined,Undetermined,<null>,<null>,<null>,<null>,<null>,<null>,<null>,<null>,<null>,Y,0,0,0.993827251,0.065174442,2
NGC,45415,Bagel,qPCR_DMAR_050324_B,FSE_F2_0220,DMAR,0.090027334,N,0.091391696,0,0,3,Undetermined,Undetermined,Undetermined,<null>,<null>,<null>,<null>,<null>,<null>,<null>,<null>,<null>,Y,0,0,92.01024651,0.992990279,2
NGC,5/3/2024,Rosalind,qPCR_DMAR_050324_A,FSE_F2_1206,DMAR,FALSE,N,0.015011435,0,0,3,Undetermined,Undetermined,Undetermined,<null>,<null>,<null>,<null>,<null>,<null>,<null>,<null>,<null>,Y,0,0,0.991642616,0.084522155,2
NGC,45448,Rosalind,qPCR_DMAR_0603_B,FSE_F3_0111,DMAR,TRUE,N,-0.064441635,0,0,3,Undetermined,Undetermined,Undetermined,<null>,<null>,<null>,<null>,<null>,<null>,<null>,<null>,<null>,Y,0,0,0.993827251,0.065174442,2
NGC,4/29/2024,Rosalind,qCPR_DMAR_042924_PB,FSE_F3_0220,DMAR,0.128247703,N,0.02357539,0,0,3,Undetermined,Undetermined,Undetermined,<null>,<null>,<null>,<null>,<null>,<null>,<null>,<null>,<null>,Y,0,0,97.97997723,0.994105303,2
NGC,5/3/2024,Rosalind,qPCR_DMAR_050324_A,FSE_F3_1206,DMAR,FALSE,N,0.071906236,0,0,3,Undetermined,Undetermined,Undetermined,<null>,<null>,<null>,<null>,<null>,<null>,<null>,<null>,<null>,Y,0,0,0.991642616,0.084522155,2
NGC,45448,Rosalind,qPCR_DMAR_0603_B,FSE_F4_0111,DMAR,TRUE,N,-0.075745,0,0,3,Undetermined,Undetermined,Undetermined,<null>,<null>,<null>,<null>,<null>,<null>,<null>,<null>,<null>,Y,0,0,0.993827251,0.065174442,2
NGC,4/29/2024,Rosalind,qCPR_DMAR_042924_PB,FSE_F4_0220,DMAR,0.128247703,N,0.036740454,0,0,3,Undetermined,Undetermined,Undetermined,<null>,<null>,<null>,<null>,<null>,<null>,<null>,<null>,<null>,Y,0,0,97.97997723,0.994105303,2
NGC,5/3/2024,Rosalind,qPCR_DMAR_050324_A,FSE_F4_1206,DMAR,FALSE,N,0.045936162,0,0,3,Undetermined,Undetermined,Undetermined,<null>,<null>,<null>,<null>,<null>,<null>,<null>,<null>,<null>,Y,0,0,0.991642616,0.084522155,2
NGC,45448,Rosalind,qPCR_DMAR_0603_B,FSE_F5_0111,DMAR,TRUE,N,-0.090376541,0,0,3,Undetermined,Undetermined,Undetermined,<null>,<null>,<null>,<null>,<null>,<null>,<null>,<null>,<null>,Y,0,0,0.993827251,0.065174442,2
NGC,4/29/2024,Rosalind,qCPR_DMAR_042924_PB,FSE_F5_0220,DMAR,0.128247703,N,0.039020367,0,0,3,Undetermined,Undetermined,Undetermined,<null>,<null>,<null>,<null>,<null>,<null>,<null>,<null>,<null>,Y,0,0,97.97997723,0.994105303,2
NGC,5/3/2024,Rosalind,qPCR_DMAR_050324_A,FSE_F5_1206,DMAR,FALSE,N,0.040088873,37.97369072,1,3,Undetermined,Undetermined,37.973690723811586,<null>,<null>,<null>,<null>,<null>,<null>,<null>,<null>,<null>,Y,1.581930267,2.739983597,0.991642616,0.084522155,2
NGC,5/3/2024,Rosalind,qPCR_DMAR_050324_A,FSE_F5+1d_1206,DMAR,FALSE,N,0.100277922,0,0,3,Undetermined,Undetermined,Undetermined,<null>,<null>,<null>,<null>,<null>,<null>,<null>,<null>,<null>,Y,0,0,0.991642616,0.084522155,2
NGC,45448,Rosalind,qPCR_DMAR_0603_B,FSE_IT1_0111,DMAR,TRUE,N,-0.022879595,36.72329308,2,3,37.52492259,35.92166358,Undetermined,<null>,<null>,<null>,<null>,<null>,<null>,<null>,<null>,<null>,Y,3.10394727,3.470741525,0.993827251,0.065174442,2
NGC,4/29/2024,Rosalind,qCPR_DMAR_042924_PB,FSE_IT1_0220,DMAR,0.128247703,N,-0.05633222,36.85946232,3,3,36.10739392,36.73265693,37.73833611,<null>,<null>,<null>,<null>,<null>,<null>,<null>,<null>,<null>,Y,5.900710205,3.002354692,97.97997723,0.994105303,2
NGC,5/3/2024,Rosalind,qPCR_DMAR_050324_A,FSE_IT1_1206,DMAR,FALSE,N,0.171865498,40.13434216,1,3,Undetermined,40.134342156850984,Undetermined,<null>,<null>,<null>,<null>,<null>,<null>,<null>,<null>,<null>,Y,0.409732286,0.709677136,0.991642616,0.084522155,2
NGC,45415,Bagel,qPCR_DMAR_050324_B,FSE_IT1+1d_1206,DMAR,0.090027334,N,0.048573634,0,0,3,Undetermined,Undetermined,Undetermined,<null>,<null>,<null>,<null>,<null>,<null>,<null>,<null>,<null>,Y,0,0,92.01024651,0.992990279,2
NGC,45415,Bagel,qPCR_DMAR_050324_B,FSE_IT2_1206,DMAR,0.090027334,N,0.042858254,0,0,3,Undetermined,Undetermined,Undetermined,<null>,<null>,<null>,<null>,<null>,<null>,<null>,<null>,<null>,Y,0,0,92.01024651,0.992990279,2
NGC,45415,Bagel,qPCR_DMAR_050324_B,FSE_IT2+1d_1206,DMAR,0.090027334,N,0.026423661,0,0,3,Undetermined,Undetermined,Undetermined,<null>,<null>,<null>,<null>,<null>,<null>,<null>,<null>,<null>,Y,0,0,92.01024651,0.992990279,2
NGC,45415,Bagel,qPCR_DMAR_050324_B,FSE_IT3_1206,DMAR,0.090027334,N,0.121718461,36.23147279,3,3,37.26005553,35.93553751,35.49882534,<null>,<null>,<null>,<null>,<null>,<null>,<null>,<null>,<null>,Y,7.22224051,3.620882437,92.01024651,0.992990279,2
NGC,45415,Bagel,qPCR_DMAR_050324_B,FSE_IT3+2d_1206,DMAR,0.090027334,N,0.084258464,37.34963625,3,3,36.73590975,37.3405318,37.9724672,<null>,<null>,<null>,<null>,<null>,<null>,<null>,<null>,<null>,Y,3.302308623,1.300219135,92.01024651,0.992990279,2
NGC,45448,Rosalind,qPCR_DMAR_0603_A,FSE_IT4_1206,DMAR,0.039999999,N,0.038096107,0,0,3,Undetermined,Undetermined,Undetermined,<null>,<null>,<null>,<null>,<null>,<null>,<null>,<null>,<null>,Y,0,0,89.74704219,0.986058801,2
NGC,7/8/2024,Neptune,qPCR_DMAR_0708zymo,FSE_IT4_1206,DMAR,FALSE,N,0.192232202,38.54012012,1,3,38.54012011518931,Undetermined,Undetermined,<null>,<null>,<null>,<null>,<null>,<null>,<null>,<null>,<null>,Y,0.732962489,1.26952827,0.992497386,0.075713953,2
NGC,45415,Bagel,qPCR_DMAR_050324_B,FSE_IT4+3d_1206,DMAR,0.090027334,N,0.025059764,0,0,3,Undetermined,Undetermined,Undetermined,<null>,<null>,<null>,<null>,<null>,<null>,<null>,<null>,<null>,Y,0,0,92.01024651,0.992990279,2
NGC,45415,Bagel,qPCR_DMAR_050324_B,FSE_IT5_1206,DMAR,0.090027334,N,0.016591544,37.95442768,1,3,37.95442768,Undetermined,Undetermined,<null>,<null>,<null>,<null>,<null>,<null>,<null>,<null>,<null>,Y,0.703341316,1.218222894,92.01024651,0.992990279,2
NGC,45415,Bagel,qPCR_DMAR_050324_B,FSE_IT5+2d_1206,DMAR,0.090027334,N,0.060296864,37.16163642,3,3,36.42064355,38.30662991,36.75763582,<null>,<null>,<null>,<null>,<null>,<null>,<null>,<null>,<null>,Y,4.007507352,2.096340633,92.01024651,0.992990279,2
NGC,45448,Rosalind,qPCR_DMAR_0603_B,FSE_NC_0111,DMAR,TRUE,N,0.000366246,0,0,3,Undetermined,Undetermined,Undetermined,<null>,<null>,<null>,<null>,<null>,<null>,<null>,<null>,<null>,Y,0,0,0.993827251,0.065174442,2
NGC,7/8/2024,Neptune,qPCR_DMAR_0708zymo,FSE_NC_0201,DMAR,FALSE,N,-0.061195056,0,0,3,Undetermined,Undetermined,Undetermined,<null>,<null>,<null>,<null>,<null>,<null>,<null>,<null>,<null>,Y,0,0,0.992497386,0.075713953,2
NGC,4/29/2024,Rosalind,qCPR_DMAR_042924_PB,FSE_NC_0220,DMAR,0.128247703,N,0.061933348,0,0,3,Undetermined,Undetermined,Undetermined,<null>,<null>,<null>,<null>,<null>,<null>,<null>,<null>,<null>,Y,0,0,97.97997723,0.994105303,2
NGC,45464,Neptune,qPCR_DMAR_0618_B,FSE_NC_0307,DMAR,TRUE,N,-0.13329599,0,0,3,Undetermined,Undetermined,Undetermined,<null>,<null>,<null>,<null>,<null>,<null>,<null>,<null>,<null>,Y,0,0,0.995993959,0.055931541,2
NGC,5/3/2024,Rosalind,qPCR_DMAR_050324_A,FSE_NC_1206,DMAR,FALSE,N,0.051535743,0,0,3,Undetermined,Undetermined,Undetermined,<null>,<null>,<null>,<null>,<null>,<null>,<null>,<null>,<null>,Y,0,0,0.991642616,0.084522155,2
NGC,45448,Rosalind,qPCR_DMAR_0603_A,FSE_RB1_0111,DMAR,0.039999999,N,-0.018945698,38.24481426,1,3,38.24481426,Undetermined,Undetermined,<null>,<null>,<null>,<null>,<null>,<null>,<null>,<null>,<null>,Y,0.486745743,0.843068358,89.74704219,0.986058801,2
NGC,4/29/2024,Rosalind,qCPR_DMAR_042924_PB,FSE_RB1_0220,DMAR,0.128247703,N,-0.004050641,36.95738577,2,3,Undetermined,36.43717421,37.47759733,<null>,<null>,<null>,<null>,<null>,<null>,<null>,<null>,<null>,Y,3.546868196,3.567626113,97.97997723,0.994105303,2
NGC,5/3/2024,Rosalind,qPCR_DMAR_050324_A,FSE_RB1_1206,DMAR,FALSE,N,-0.009676682,39.09753842,3,3,39.63889662837624,39.36457664026295,38.28914199687091,<null>,<null>,<null>,<null>,<null>,<null>,<null>,<null>,<null>,Y,2.520282522,1.201937546,0.991642616,0.084522155,2
NGC,45448,Rosalind,qPCR_DMAR_0603_A,FSE_RB2_0111,DMAR,0.039999999,N,0.124345678,0,0,3,Undetermined,Undetermined,Undetermined,<null>,<null>,<null>,<null>,<null>,<null>,<null>,<null>,<null>,Y,0,0,89.74704219,0.986058801,2
NGC,4/29/2024,Rosalind,qCPR_DMAR_042924_PB,FSE_RB2_0220,DMAR,0.128247703,N,-0.009466275,0,0,3,Undetermined,Undetermined,Undetermined,<null>,<null>,<null>,<null>,<null>,<null>,<null>,<null>,<null>,Y,0,0,97.97997723,0.994105303,2
NGC,5/3/2024,Rosalind,qPCR_DMAR_050324_A,FSE_RB2_1206,DMAR,FALSE,N,0.075693868,0,0,3,Undetermined,Undetermined,Undetermined,<null>,<null>,<null>,<null>,<null>,<null>,<null>,<null>,<null>,Y,0,0,0.991642616,0.084522155,2
NGC,45448,Rosalind,qPCR_DMAR_0603_A,FSE_RB3_0111,DMAR,0.039999999,N,0.145658328,0,0,3,Undetermined,Undetermined,Undetermined,<null>,<null>,<null>,<null>,<null>,<null>,<null>,<null>,<null>,Y,0,0,89.74704219,0.986058801,2
NGC,4/29/2024,Rosalind,qCPR_DMAR_042924_PB,FSE_RB3_0220,DMAR,0.128247703,N,0.061880431,0,0,3,Undetermined,Undetermined,Undetermined,<null>,<null>,<null>,<null>,<null>,<null>,<null>,<null>,<null>,Y,0,0,97.97997723,0.994105303,2
NGC,5/3/2024,Rosalind,qPCR_DMAR_050324_A,FSE_RB3_1206,DMAR,FALSE,N,0.023656671,0,0,3,Undetermined,Undetermined,Undetermined,<null>,<null>,<null>,<null>,<null>,<null>,<null>,<null>,<null>,Y,0,0,0.991642616,0.084522155,2
NGC,4/29/2024,Rosalind,qCPR_DMAR_042924_PB,FSE_RB4_0220,DMAR,0.128247703,N,0.089305353,0,0,3,Undetermined,Undetermined,Undetermined,<null>,<null>,<null>,<null>,<null>,<null>,<null>,<null>,<null>,Y,0,0,97.97997723,0.994105303,2
NGC,45448,Rosalind,qPCR_DMAR_0603_A,FSE_RB4_0111,DMAR,0.039999999,N,-0.003301878,0,0,3,Undetermined,Undetermined,Undetermined,<null>,<null>,<null>,<null>,<null>,<null>,<null>,<null>,<null>,Y,0,0,89.74704219,0.986058801,2
NGC,45415,Bagel,qPCR_DMAR_050324_B,FSE_RB4_0220,DMAR,0.090027334,N,0.093293842,0,0,3,Undetermined,Undetermined,Undetermined,<null>,<null>,<null>,<null>,<null>,<null>,<null>,<null>,<null>,Y,0,0,92.01024651,0.992990279,2
NGC,5/3/2024,Rosalind,qPCR_DMAR_050324_A,FSE_RB4_1206,DMAR,FALSE,N,0.124250164,0,0,3,Undetermined,Undetermined,Undetermined,<null>,<null>,<null>,<null>,<null>,<null>,<null>,<null>,<null>,Y,0,0,0.991642616,0.084522155,2
NGC,45448,Rosalind,qPCR_DMAR_0603_A,FSE_RB5_0111,DMAR,0.039999999,N,0.010568733,34.97766495,2,3,35.40744408,Undetermined,34.54788582,<null>,<null>,<null>,<null>,<null>,<null>,<null>,<null>,<null>,Y,8.192427425,7.824710494,89.74704219,0.986058801,2
NGC,4/29/2024,Rosalind,qCPR_DMAR_042924_PB,FSE_RB5_0220,DMAR,0.128247703,N,0.059575834,0,0,3,Undetermined,Undetermined,Undetermined,<null>,<null>,<null>,<null>,<null>,<null>,<null>,<null>,<null>,Y,0,0,97.97997723,0.994105303,2
NGC,5/3/2024,Rosalind,qPCR_DMAR_050324_A,FSE_RB5_1206,DMAR,FALSE,N,-0.016379186,40.80779732,1,3,Undetermined,Undetermined,40.807797318814096,<null>,<null>,<null>,<null>,<null>,<null>,<null>,<null>,<null>,Y,0.268927493,0.465796081,0.991642616,0.084522155,2
NGC,5/3/2024,Rosalind,qPCR_DMAR_050324_A,FSE_RB5+3d_1206,DMAR,FALSE,N,0.106034986,40.21274089,2,3,41.13909941131093,39.28638237001341,Undetermined,<null>,<null>,<null>,<null>,<null>,<null>,<null>,<null>,<null>,Y,0.914836741,1.068151162,0.991642616,0.084522155,2
NGC,45448,Rosalind,qPCR_DMAR_0603_B,FSW_B10_0119,DMAR,TRUE,N,0.035483944,0,0,3,Undetermined,Undetermined,Undetermined,<null>,<null>,<null>,<null>,<null>,<null>,<null>,<null>,<null>,Y,0,0,0.993827251,0.065174442,2
NGC,45455,Neptune,qPCR_DMAR_0612_B,FSW_B10_0201,DMAR,FALSE,N,0.971951327,0,0,3,Undetermined,Undetermined,Undetermined,<null>,<null>,<null>,<null>,<null>,<null>,<null>,<null>,<null>,Y,0,0,0.992829868,0.070546093,2
NGC,45455,Neptune,qPCR_DMAR_0612_A,FSW_B10_0221,DMAR,FALSE,N,0.285225172,0,0,3,Undetermined,Undetermined,Undetermined,<null>,<null>,<null>,<null>,<null>,<null>,<null>,<null>,<null>,Y,0,0,0.980949143,0.120458422,2
NGC,45464,Neptune,qPCR_DMAR_0618_B,FSW_B10_0307,DMAR,TRUE,N,0.061454314,0,0,3,Undetermined,Undetermined,Undetermined,<null>,<null>,<null>,<null>,<null>,<null>,<null>,<null>,<null>,Y,0,0,0.995993959,0.055931541,2
NGC,5/30/2024,Rosalind,qPCR_DMAR_052924,FSW_B10_1207,DMAR,FALSE,N,0.032970682,0,0,3,Undetermined,Undetermined,Undetermined,<null>,<null>,<null>,<null>,<null>,<null>,<null>,<null>,<null>,Y,0,0,0.997047135,0.048821528,2
NGC,45448,Rosalind,qPCR_DMAR_0603_A,FSW_B10_1218,DMAR,0.039999999,N,0.04143165,0,0,3,Undetermined,Undetermined,Undetermined,<null>,<null>,<null>,<null>,<null>,<null>,<null>,<null>,<null>,Y,0,0,89.74704219,0.986058801,2
NGC,45448,Rosalind,qPCR_DMAR_0603_B,FSW_B6_0119,DMAR,TRUE,N,0.010292555,37.23804667,1,3,Undetermined,Undetermined,37.23804667,<null>,<null>,<null>,<null>,<null>,<null>,<null>,<null>,<null>,Y,0.985084795,1.706216915,0.993827251,0.065174442,2
NGC,45455,Neptune,qPCR_DMAR_0612_A,FSW_B6_0201,DMAR,FALSE,N,0.520934936,0,0,3,Undetermined,Undetermined,Undetermined,<null>,<null>,<null>,<null>,<null>,<null>,<null>,<null>,<null>,Y,0,0,0.980949143,0.120458422,2
NGC,45455,Neptune,qPCR_DMAR_0612_A,FSW_B6_0221,DMAR,FALSE,N,0.072950009,0,0,3,Undetermined,Undetermined,Undetermined,<null>,<null>,<null>,<null>,<null>,<null>,<null>,<null>,<null>,Y,0,0,0.980949143,0.120458422,2
NGC,45464,Neptune,qPCR_DMAR_0618_B,FSW_B6_0307,DMAR,TRUE,N,-0.044263422,36.28926053,2,3,Undetermined,35.30579212,37.27272894,<null>,<null>,<null>,<null>,<null>,<null>,<null>,<null>,<null>,Y,3.886644374,4.661066366,0.995993959,0.055931541,2
NGC,5/30/2024,Rosalind,qPCR_DMAR_052924,FSW_B6_1207,DMAR,FALSE,N,0.003972424,0,0,3,Undetermined,Undetermined,Undetermined,<null>,<null>,<null>,<null>,<null>,<null>,<null>,<null>,<null>,Y,0,0,0.997047135,0.048821528,2
NGC,45448,Rosalind,qPCR_DMAR_0603_A,FSW_B6_1218,DMAR,0.039999999,N,0.079185584,0,0,3,Undetermined,Undetermined,Undetermined,<null>,<null>,<null>,<null>,<null>,<null>,<null>,<null>,<null>,Y,0,0,89.74704219,0.986058801,2
NGC,45448,Rosalind,qPCR_DMAR_0603_B,FSW_B7_0119,DMAR,TRUE,N,0.063893537,0,0,3,Undetermined,Undetermined,Undetermined,<null>,<null>,<null>,<null>,<null>,<null>,<null>,<null>,<null>,Y,0,0,0.993827251,0.065174442,2
NGC,7/8/2024,Neptune,qPCR_DMAR_0708zymo,FSW_B7_0201,DMAR,FALSE,N,-0.105548889,0,0,3,Undetermined,Undetermined,Undetermined,<null>,<null>,<null>,<null>,<null>,<null>,<null>,<null>,<null>,Y,0,0,0.992497386,0.075713953,2
NGC,45455,Neptune,qPCR_DMAR_0612_A,FSW_B7_0221,DMAR,FALSE,N,0.031826883,0,0,3,Undetermined,Undetermined,Undetermined,<null>,<null>,<null>,<null>,<null>,<null>,<null>,<null>,<null>,Y,0,0,0.980949143,0.120458422,2
NGC,45464,Neptune,qPCR_DMAR_0618_B,FSW_B7_0307,DMAR,TRUE,N,-0.000196487,0,0,3,Undetermined,Undetermined,Undetermined,<null>,<null>,<null>,<null>,<null>,<null>,<null>,<null>,<null>,Y,0,0,0.995993959,0.055931541,2
NGC,5/30/2024,Rosalind,qPCR_DMAR_052924,FSW_B7_1207,DMAR,FALSE,N,-0.024438984,0,0,3,Undetermined,Undetermined,Undetermined,<null>,<null>,<null>,<null>,<null>,<null>,<null>,<null>,<null>,Y,0,0,0.997047135,0.048821528,2
NGC,45448,Rosalind,qPCR_DMAR_0603_A,FSW_B7_1218,DMAR,0.039999999,N,0.027613232,0,0,3,Undetermined,Undetermined,Undetermined,<null>,<null>,<null>,<null>,<null>,<null>,<null>,<null>,<null>,Y,0,0,89.74704219,0.986058801,2
NGC,45448,Rosalind,qPCR_DMAR_0603_B,FSW_B8_0119,DMAR,TRUE,N,0.058350558,0,0,3,Undetermined,Undetermined,Undetermined,<null>,<null>,<null>,<null>,<null>,<null>,<null>,<null>,<null>,Y,0,0,0.993827251,0.065174442,2
NGC,7/8/2024,Neptune,qPCR_DMAR_0708zymo,FSW_B8_0201,DMAR,FALSE,N,-0.046942436,0,0,3,Undetermined,Undetermined,Undetermined,<null>,<null>,<null>,<null>,<null>,<null>,<null>,<null>,<null>,Y,0,0,0.992497386,0.075713953,2
NGC,45455,Neptune,qPCR_DMAR_0612_A,FSW_B8_0221,DMAR,FALSE,N,0.111609406,0,0,3,Undetermined,Undetermined,Undetermined,<null>,<null>,<null>,<null>,<null>,<null>,<null>,<null>,<null>,Y,0,0,0.980949143,0.120458422,2
NGC,45464,Neptune,qPCR_DMAR_0618_B,FSW_B8_0307,DMAR,TRUE,N,-0.004296848,0,0,3,Undetermined,Undetermined,Undetermined,<null>,<null>,<null>,<null>,<null>,<null>,<null>,<null>,<null>,Y,0,0,0.995993959,0.055931541,2
NGC,5/30/2024,Rosalind,qPCR_DMAR_052924,FSW_B8_1207,DMAR,FALSE,N,0.016281148,0,0,3,Undetermined,Undetermined,Undetermined,<null>,<null>,<null>,<null>,<null>,<null>,<null>,<null>,<null>,Y,0,0,0.997047135,0.048821528,2
NGC,45448,Rosalind,qPCR_DMAR_0603_A,FSW_B8_1218,DMAR,0.039999999,N,0.123951398,0,0,3,Undetermined,Undetermined,Undetermined,<null>,<null>,<null>,<null>,<null>,<null>,<null>,<null>,<null>,Y,0,0,89.74704219,0.986058801,2
NGC,45448,Rosalind,qPCR_DMAR_0603_B,FSW_B9_0119,DMAR,TRUE,N,0.407200745,0,0,3,Undetermined,Undetermined,Undetermined,<null>,<null>,<null>,<null>,<null>,<null>,<null>,<null>,<null>,Y,0,0,0.993827251,0.065174442,2
NGC,45455,Neptune,qPCR_DMAR_0612_B,FSW_B9_0201,DMAR,FALSE,N,0.801129191,0,0,3,Undetermined,Undetermined,Undetermined,<null>,<null>,<null>,<null>,<null>,<null>,<null>,<null>,<null>,Y,0,0,0.992829868,0.070546093,2
NGC,45455,Neptune,qPCR_DMAR_0612_A,FSW_B9_0221,DMAR,FALSE,N,0.20161704,0,0,3,Undetermined,Undetermined,Undetermined,<null>,<null>,<null>,<null>,<null>,<null>,<null>,<null>,<null>,Y,0,0,0.980949143,0.120458422,2
NGC,45464,Neptune,qPCR_DMAR_0618_B,FSW_B9_0307,DMAR,TRUE,N,0.079425113,0,0,3,Undetermined,Undetermined,Undetermined,<null>,<null>,<null>,<null>,<null>,<null>,<null>,<null>,<null>,Y,0,0,0.995993959,0.055931541,2
NGC,5/30/2024,Rosalind,qPCR_DMAR_052924,FSW_B9_1207,DMAR,FALSE,N,0.4344833,0,0,3,Undetermined,Undetermined,Undetermined,<null>,<null>,<null>,<null>,<null>,<null>,<null>,<null>,<null>,Y,0,0,0.997047135,0.048821528,2
NGC,45448,Rosalind,qPCR_DMAR_0603_A,FSW_B9_1218,DMAR,0.039999999,N,-0.005245817,0,0,3,Undetermined,Undetermined,Undetermined,<null>,<null>,<null>,<null>,<null>,<null>,<null>,<null>,<null>,Y,0,0,89.74704219,0.986058801,2
NGC,45448,Rosalind,qPCR_DMAR_0603_B,FSW_F10_0119,DMAR,TRUE,N,-0.033010243,0,0,3,Undetermined,Undetermined,Undetermined,<null>,<null>,<null>,<null>,<null>,<null>,<null>,<null>,<null>,Y,0,0,0.993827251,0.065174442,2
NGC,45455,Neptune,qPCR_DMAR_0612_A,FSW_F10_0221,DMAR,FALSE,N,0.16159094,0,0,3,Undetermined,Undetermined,Undetermined,<null>,<null>,<null>,<null>,<null>,<null>,<null>,<null>,<null>,Y,0,0,0.980949143,0.120458422,2
NGC,5/30/2024,Rosalind,qPCR_DMAR_052924,FSW_F10_1207,DMAR,FALSE,N,0.048545466,0,0,3,Undetermined,Undetermined,Undetermined,<null>,<null>,<null>,<null>,<null>,<null>,<null>,<null>,<null>,Y,0,0,0.997047135,0.048821528,2
NGC,45448,Rosalind,qPCR_DMAR_0603_B,FSW_F6_0119,DMAR,TRUE,N,0.006439201,0,0,3,Undetermined,Undetermined,Undetermined,<null>,<null>,<null>,<null>,<null>,<null>,<null>,<null>,<null>,Y,0,0,0.993827251,0.065174442,2
NGC,45455,Neptune,qPCR_DMAR_0612_A,FSW_F6_0221,DMAR,FALSE,N,0.206490194,0,0,3,Undetermined,Undetermined,Undetermined,<null>,<null>,<null>,<null>,<null>,<null>,<null>,<null>,<null>,Y,0,0,0.980949143,0.120458422,2
NGC,5/30/2024,Rosalind,qPCR_DMAR_052924,FSW_F6_1207,DMAR,FALSE,N,-0.021427601,0,0,3,Undetermined,Undetermined,Undetermined,<null>,<null>,<null>,<null>,<null>,<null>,<null>,<null>,<null>,Y,0,0,0.997047135,0.048821528,2
NGC,45448,Rosalind,qPCR_DMAR_0603_B,FSW_F7_0119,DMAR,TRUE,N,-0.111612043,0,0,3,Undetermined,Undetermined,Undetermined,<null>,<null>,<null>,<null>,<null>,<null>,<null>,<null>,<null>,Y,0,0,0.993827251,0.065174442,2
NGC,45455,Neptune,qPCR_DMAR_0612_A,FSW_F7_0221,DMAR,FALSE,N,0.141349087,0,0,3,Undetermined,Undetermined,Undetermined,<null>,<null>,<null>,<null>,<null>,<null>,<null>,<null>,<null>,Y,0,0,0.980949143,0.120458422,2
NGC,5/30/2024,Rosalind,qPCR_DMAR_052924,FSW_F7_1207,DMAR,FALSE,N,0.022530997,0,0,3,Undetermined,Undetermined,Undetermined,<null>,<null>,<null>,<null>,<null>,<null>,<null>,<null>,<null>,Y,0,0,0.997047135,0.048821528,2
NGC,45448,Rosalind,qPCR_DMAR_0603_B,FSW_F8_0119,DMAR,TRUE,N,0.400663459,0,0,3,Undetermined,Undetermined,Undetermined,<null>,<null>,<null>,<null>,<null>,<null>,<null>,<null>,<null>,Y,0,0,0.993827251,0.065174442,2
NGC,45455,Neptune,qPCR_DMAR_0612_A,FSW_F8_0221,DMAR,FALSE,N,0.183771615,0,0,3,Undetermined,Undetermined,Undetermined,<null>,<null>,<null>,<null>,<null>,<null>,<null>,<null>,<null>,Y,0,0,0.980949143,0.120458422,2
NGC,5/30/2024,Rosalind,qPCR_DMAR_052924,FSW_F8_1207,DMAR,FALSE,N,-0.111804779,0,0,3,Undetermined,Undetermined,Undetermined,<null>,<null>,<null>,<null>,<null>,<null>,<null>,<null>,<null>,Y,0,0,0.997047135,0.048821528,2
NGC,45448,Rosalind,qPCR_DMAR_0603_B,FSW_F9_0119,DMAR,TRUE,N,0.326091099,0,0,3,Undetermined,Undetermined,Undetermined,<null>,<null>,<null>,<null>,<null>,<null>,<null>,<null>,<null>,Y,0,0,0.993827251,0.065174442,2
NGC,45455,Neptune,qPCR_DMAR_0612_A,FSW_F9_0221,DMAR,FALSE,N,0.111369386,0,0,3,Undetermined,Undetermined,Undetermined,<null>,<null>,<null>,<null>,<null>,<null>,<null>,<null>,<null>,Y,0,0,0.980949143,0.120458422,2
NGC,5/30/2024,Rosalind,qPCR_DMAR_052924,FSW_F9_1207,DMAR,FALSE,N,-0.071175237,0,0,3,Undetermined,Undetermined,Undetermined,<null>,<null>,<null>,<null>,<null>,<null>,<null>,<null>,<null>,Y,0,0,0.997047135,0.048821528,2
NGC,45448,Rosalind,qPCR_DMAR_0603_B,FSW_IT1_0119,DMAR,TRUE,N,0.283034027,33.12297078,3,3,32.62136263,33.22556228,33.52198744,<null>,<null>,<null>,<null>,<null>,<null>,<null>,<null>,<null>,Y,42.16153214,12.77279954,0.993827251,0.065174442,2
NGC,45455,Neptune,qPCR_DMAR_0612_A,FSW_IT1_0221,DMAR,FALSE,N,0.206366075,0,0,3,Undetermined,Undetermined,Undetermined,<null>,<null>,<null>,<null>,<null>,<null>,<null>,<null>,<null>,Y,0,0,0.980949143,0.120458422,2
NGC,5/30/2024,Rosalind,qPCR_DMAR_052924,FSW_IT1_1207,DMAR,FALSE,N,-0.015365368,0,0,3,Undetermined,Undetermined,Undetermined,<null>,<null>,<null>,<null>,<null>,<null>,<null>,<null>,<null>,Y,0,0,0.997047135,0.048821528,2
NGC,45448,Rosalind,qPCR_DMAR_0603_B,FSW_IT1+1d_0119,DMAR,TRUE,N,0.109774803,32.86541231,3,3,33.69125021,32.34024176,32.56474496,<null>,<null>,<null>,<null>,<null>,<null>,<null>,<null>,<null>,Y,51.48898283,20.43064869,0.993827251,0.065174442,2
NGC,5/30/2024,Rosalind,qPCR_DMAR_052924,FSW_IT1+1d_1207,DMAR,FALSE,N,0.074211737,39.43393627,1,3,Undetermined,39.43393627431035,Undetermined,<null>,<null>,<null>,<null>,<null>,<null>,<null>,<null>,<null>,Y,0.38638757,0.669242902,0.997047135,0.048821528,2
NGC,45455,Neptune,qPCR_DMAR_0612_A,FSW_IT2_0221,DMAR,FALSE,N,0.330936313,37.39878746,3,3,37.00271324,37.66768085,37.52596828,<null>,<null>,<null>,<null>,<null>,<null>,<null>,<null>,<null>,Y,5.207309399,1.195092917,0.980949143,0.120458422,2
NGC,5/30/2024,Rosalind,qPCR_DMAR_052924,FSW_IT2_1207,DMAR,FALSE,N,0.048146667,34.77374305,3,3,35.83520301082129,34.32074309766071,34.16528302762744,<null>,<null>,<null>,<null>,<null>,<null>,<null>,<null>,<null>,Y,23.21562969,10.7676169,0.997047135,0.048821528,2
NGC,5/30/2024,Rosalind,qPCR_DMAR_052924,FSW_IT2+2d_1207,DMAR,FALSE,N,-0.003083531,32.38423874,3,3,32.28217504080175,32.43097236324141,32.439568818599156,<null>,<null>,<null>,<null>,<null>,<null>,<null>,<null>,<null>,Y,93.42830856,5.225077622,0.997047135,0.048821528,2
NGC,5/30/2024,Rosalind,qPCR_DMAR_052924,FSW_IT3_1207,DMAR,FALSE,N,0.033910763,38.23298762,2,3,37.70141469953759,38.76456053474565,Undetermined,<null>,<null>,<null>,<null>,<null>,<null>,<null>,<null>,<null>,Y,1.722210425,1.704417751,0.997047135,0.048821528,2
NGC,5/30/2024,Rosalind,qPCR_DMAR_052924,FSW_IT3+3d_1207,DMAR,FALSE,N,0.04834252,35.06077841,3,3,34.62460536460894,35.097889496833986,35.459840366947105,<null>,<null>,<null>,<null>,<null>,<null>,<null>,<null>,<null>,Y,18.04379346,4.742906212,0.997047135,0.048821528,2
NGC,5/30/2024,Rosalind,qPCR_DMAR_052924,FSW_IT4_1207,DMAR,FALSE,N,0.036258956,0,0,3,Undetermined,Undetermined,Undetermined,<null>,<null>,<null>,<null>,<null>,<null>,<null>,<null>,<null>,Y,0,0,0.997047135,0.048821528,2
NGC,5/30/2024,Rosalind,qPCR_DMAR_052924,FSW_IT4+1d_1207,DMAR,FALSE,N,-0.046751525,37.98955714,1,3,Undetermined,Undetermined,37.98955714448111,<null>,<null>,<null>,<null>,<null>,<null>,<null>,<null>,<null>,Y,0.949537182,1.644646643,0.997047135,0.048821528,2
NGC,45448,Rosalind,qPCR_DMAR_0603_B,FSW_NC_0119,DMAR,TRUE,N,0.124520546,0,0,3,Undetermined,Undetermined,Undetermined,<null>,<null>,<null>,<null>,<null>,<null>,<null>,<null>,<null>,Y,0,0,0.993827251,0.065174442,2
NGC,45455,Neptune,qPCR_DMAR_0612_B,FSW_NC_0201,DMAR,FALSE,N,0.50818509,0,0,3,Undetermined,Undetermined,Undetermined,<null>,<null>,<null>,<null>,<null>,<null>,<null>,<null>,<null>,Y,0,0,0.992829868,0.070546093,2
NGC,45455,Neptune,qPCR_DMAR_0612_A,FSW_NC_0221,DMAR,FALSE,N,0.104596944,0,0,3,Undetermined,Undetermined,Undetermined,<null>,<null>,<null>,<null>,<null>,<null>,<null>,<null>,<null>,Y,0,0,0.980949143,0.120458422,2
NGC,45464,Neptune,qPCR_DMAR_0618_B,FSW_NC_0307,DMAR,TRUE,N,-0.123619993,0,0,3,Undetermined,Undetermined,Undetermined,<null>,<null>,<null>,<null>,<null>,<null>,<null>,<null>,<null>,Y,0,0,0.995993959,0.055931541,2
NGC,5/30/2024,Rosalind,qPCR_DMAR_052924,FSW_NC_1207,DMAR,FALSE,N,-0.039347309,0,0,3,Undetermined,Undetermined,Undetermined,<null>,<null>,<null>,<null>,<null>,<null>,<null>,<null>,<null>,Y,0,0,0.997047135,0.048821528,2
NGC,45448,Rosalind,qPCR_DMAR_0603_B,FSW_RB1_0119,DMAR,TRUE,N,0.166565097,0,0,3,Undetermined,Undetermined,Undetermined,<null>,<null>,<null>,<null>,<null>,<null>,<null>,<null>,<null>,Y,0,0,0.993827251,0.065174442,2
NGC,45455,Neptune,qPCR_DMAR_0612_A,FSW_RB1_0221,DMAR,FALSE,N,0.217975243,0,0,3,Undetermined,Undetermined,Undetermined,<null>,<null>,<null>,<null>,<null>,<null>,<null>,<null>,<null>,Y,0,0,0.980949143,0.120458422,2
NGC,5/30/2024,Rosalind,qPCR_DMAR_052924,FSW_RB1_1207,DMAR,FALSE,N,-0.053253778,0,0,3,Undetermined,Undetermined,Undetermined,<null>,<null>,<null>,<null>,<null>,<null>,<null>,<null>,<null>,Y,0,0,0.997047135,0.048821528,2
NGC,45448,Rosalind,qPCR_DMAR_0603_B,FSW_RB2_0119,DMAR,TRUE,N,0.018223561,0,0,3,Undetermined,Undetermined,Undetermined,<null>,<null>,<null>,<null>,<null>,<null>,<null>,<null>,<null>,Y,0,0,0.993827251,0.065174442,2
NGC,45455,Neptune,qPCR_DMAR_0612_A,FSW_RB2_0221,DMAR,FALSE,N,0.149512801,0,0,3,Undetermined,Undetermined,Undetermined,<null>,<null>,<null>,<null>,<null>,<null>,<null>,<null>,<null>,Y,0,0,0.980949143,0.120458422,2
NGC,5/30/2024,Rosalind,qPCR_DMAR_052924,FSW_RB2_1207,DMAR,FALSE,N,-0.093216081,0,0,3,Undetermined,Undetermined,Undetermined,<null>,<null>,<null>,<null>,<null>,<null>,<null>,<null>,<null>,Y,0,0,0.997047135,0.048821528,2
NGC,45448,Rosalind,qPCR_DMAR_0603_B,FSW_RB3_0119,DMAR,TRUE,N,0.789426088,0,0,3,Undetermined,Undetermined,Undetermined,<null>,<null>,<null>,<null>,<null>,<null>,<null>,<null>,<null>,Y,0,0,0.993827251,0.065174442,2
NGC,45455,Neptune,qPCR_DMAR_0612_A,FSW_RB3_0221,DMAR,FALSE,N,0.097334065,0,0,3,Undetermined,Undetermined,Undetermined,<null>,<null>,<null>,<null>,<null>,<null>,<null>,<null>,<null>,Y,0,0,0.980949143,0.120458422,2
NGC,5/30/2024,Rosalind,qPCR_DMAR_052924,FSW_RB3_1207,DMAR,FALSE,N,0.079405689,0,0,3,Undetermined,Undetermined,Undetermined,<null>,<null>,<null>,<null>,<null>,<null>,<null>,<null>,<null>,Y,0,0,0.997047135,0.048821528,2
NGC,45448,Rosalind,qPCR_DMAR_0603_B,FSW_RB4_0119,DMAR,TRUE,N,0.353908348,0,0,3,Undetermined,Undetermined,Undetermined,<null>,<null>,<null>,<null>,<null>,<null>,<null>,<null>,<null>,Y,0,0,0.993827251,0.065174442,2
NGC,45455,Neptune,qPCR_DMAR_0612_A,FSW_RB4_0221,DMAR,FALSE,N,0.109096729,0,0,3,Undetermined,Undetermined,Undetermined,<null>,<null>,<null>,<null>,<null>,<null>,<null>,<null>,<null>,Y,0,0,0.980949143,0.120458422,2
NGC,5/30/2024,Rosalind,qPCR_DMAR_052924,FSW_RB4_1207,DMAR,FALSE,N,-0.065072831,0,0,3,Undetermined,Undetermined,Undetermined,<null>,<null>,<null>,<null>,<null>,<null>,<null>,<null>,<null>,Y,0,0,0.997047135,0.048821528,2
NGC,45448,Rosalind,qPCR_DMAR_0603_B,FSW_RB5_0119,DMAR,TRUE,N,0.042931261,0,0,3,Undetermined,Undetermined,Undetermined,<null>,<null>,<null>,<null>,<null>,<null>,<null>,<null>,<null>,Y,0,0,0.993827251,0.065174442,2
NGC,45455,Neptune,qPCR_DMAR_0612_A,FSW_RB5_0221,DMAR,FALSE,N,0.152205563,0,0,3,Undetermined,Undetermined,Undetermined,<null>,<null>,<null>,<null>,<null>,<null>,<null>,<null>,<null>,Y,0,0,0.980949143,0.120458422,2
NGC,5/30/2024,Rosalind,qPCR_DMAR_052924,FSW_RB5_1207,DMAR,FALSE,N,0.126642289,0,0,3,Undetermined,Undetermined,Undetermined,<null>,<null>,<null>,<null>,<null>,<null>,<null>,<null>,<null>,Y,0,0,0.997047135,0.048821528,2
